Channel ID,Channel Name,Video Count,RSS Feed URL,YouTube URL
UC0m81bQuthaQZmFbXEY9QSw,AICodeKing,32,https://www.youtube.com/feeds/videos.xml?channel_id=UC0m81bQuthaQZmFbXEY9QSw,https://www.youtube.com/channel/UC0m81bQuthaQZmFbXEY9QSw
UCC-lyoTfSrcJzA1ab3APAgw,LangChain,20,https://www.youtube.com/feeds/videos.xml?channel_id=UCC-lyoTfSrcJzA1ab3APAgw,https://www.youtube.com/channel/UCC-lyoTfSrcJzA1ab3APAgw
UCMwVTLZIRRUyyVrkjDpn4pA,Cole Medin,19,https://www.youtube.com/feeds/videos.xml?channel_id=UCMwVTLZIRRUyyVrkjDpn4pA,https://www.youtube.com/channel/UCMwVTLZIRRUyyVrkjDpn4pA
UC_x36zCEGilGpB1m-V4gmjg,IndyDevDan,18,https://www.youtube.com/feeds/videos.xml?channel_id=UC_x36zCEGilGpB1m-V4gmjg,https://www.youtube.com/channel/UC_x36zCEGilGpB1m-V4gmjg
UCR9j1jqqB5Rse69wjUnbYwA,All About AI,18,https://www.youtube.com/feeds/videos.xml?channel_id=UCR9j1jqqB5Rse69wjUnbYwA,https://www.youtube.com/channel/UCR9j1jqqB5Rse69wjUnbYwA
UCfOvNb3xj28SNqPQ_JIbumg,Discover AI,17,https://www.youtube.com/feeds/videos.xml?channel_id=UCfOvNb3xj28SNqPQ_JIbumg,https://www.youtube.com/channel/UCfOvNb3xj28SNqPQ_JIbumg
UCqcbQf6yw5KzRoDDcZ_wBSw,Wes Roth,14,https://www.youtube.com/feeds/videos.xml?channel_id=UCqcbQf6yw5KzRoDDcZ_wBSw,https://www.youtube.com/channel/UCqcbQf6yw5KzRoDDcZ_wBSw
UCbY9xX3_jW5c2fjlZVBI4cg,TheAIGRID,13,https://www.youtube.com/feeds/videos.xml?channel_id=UCbY9xX3_jW5c2fjlZVBI4cg,https://www.youtube.com/channel/UCbY9xX3_jW5c2fjlZVBI4cg
UCeM9aUhYQxR26OucWZuGggA,I'd Prefer Not,11,https://www.youtube.com/feeds/videos.xml?channel_id=UCeM9aUhYQxR26OucWZuGggA,https://www.youtube.com/channel/UCeM9aUhYQxR26OucWZuGggA
UCyqdVXH6EMYjxF5AKPg4NLw,Richard Aragon,11,https://www.youtube.com/feeds/videos.xml?channel_id=UCyqdVXH6EMYjxF5AKPg4NLw,https://www.youtube.com/channel/UCyqdVXH6EMYjxF5AKPg4NLw
UC55ODQSvARtgSyc8ThfiepQ,Sam Witteveen,11,https://www.youtube.com/feeds/videos.xml?channel_id=UC55ODQSvARtgSyc8ThfiepQ,https://www.youtube.com/channel/UC55ODQSvARtgSyc8ThfiepQ
UCelfWQr9sXVMTvBzviPGlFw,AI LABS,10,https://www.youtube.com/feeds/videos.xml?channel_id=UCelfWQr9sXVMTvBzviPGlFw,https://www.youtube.com/channel/UCelfWQr9sXVMTvBzviPGlFw
UCDq7SjbgRKty5TgGafW8Clg,Prompt Engineering,9,https://www.youtube.com/feeds/videos.xml?channel_id=UCDq7SjbgRKty5TgGafW8Clg,https://www.youtube.com/channel/UCDq7SjbgRKty5TgGafW8Clg
UCWTyktbw5JYoSBduu8LsBgQ,Mervin Praison,9,https://www.youtube.com/feeds/videos.xml?channel_id=UCWTyktbw5JYoSBduu8LsBgQ,https://www.youtube.com/channel/UCWTyktbw5JYoSBduu8LsBgQ
UCctL30i8tVgSS9A37Q532eg,Income stream surfers,8,https://www.youtube.com/feeds/videos.xml?channel_id=UCctL30i8tVgSS9A37Q532eg,https://www.youtube.com/channel/UCctL30i8tVgSS9A37Q532eg
UCFosLT-CZzauB5gXQPc2a0g,Yeyu Lab,8,https://www.youtube.com/feeds/videos.xml?channel_id=UCFosLT-CZzauB5gXQPc2a0g,https://www.youtube.com/channel/UCFosLT-CZzauB5gXQPc2a0g
UCawZsQWqfGSbCI5yjkdVkTA,Matthew Berman,8,https://www.youtube.com/feeds/videos.xml?channel_id=UCawZsQWqfGSbCI5yjkdVkTA,https://www.youtube.com/channel/UCawZsQWqfGSbCI5yjkdVkTA
UCPix8N6PMRI4KzgyjuZeF0g,Fahd Mirza,8,https://www.youtube.com/feeds/videos.xml?channel_id=UCPix8N6PMRI4KzgyjuZeF0g,https://www.youtube.com/channel/UCPix8N6PMRI4KzgyjuZeF0g
UCy6rH4hKHMLdd5s-FUrto7Q,Adam Lucek,7,https://www.youtube.com/feeds/videos.xml?channel_id=UCy6rH4hKHMLdd5s-FUrto7Q,https://www.youtube.com/channel/UCy6rH4hKHMLdd5s-FUrto7Q
UCQd9wpBDkfQxqxGIBko2fKg,GosuCoder,7,https://www.youtube.com/feeds/videos.xml?channel_id=UCQd9wpBDkfQxqxGIBko2fKg,https://www.youtube.com/channel/UCQd9wpBDkfQxqxGIBko2fKg
UCq_MHfMX5FBBB3bqnJPAEzA,Ray Fernando,7,https://www.youtube.com/feeds/videos.xml?channel_id=UCq_MHfMX5FBBB3bqnJPAEzA,https://www.youtube.com/channel/UCq_MHfMX5FBBB3bqnJPAEzA
UCL7przoMtZTmiQMhc9ifIww,echohive,7,https://www.youtube.com/feeds/videos.xml?channel_id=UCL7przoMtZTmiQMhc9ifIww,https://www.youtube.com/channel/UCL7przoMtZTmiQMhc9ifIww
UCLKPca3kwwd-B59HNr-_lvA,AI Engineer,6,https://www.youtube.com/feeds/videos.xml?channel_id=UCLKPca3kwwd-B59HNr-_lvA,https://www.youtube.com/channel/UCLKPca3kwwd-B59HNr-_lvA
UC4JX40jDee_tINbkjycV4Sg,Tech With Tim,6,https://www.youtube.com/feeds/videos.xml?channel_id=UC4JX40jDee_tINbkjycV4Sg,https://www.youtube.com/channel/UC4JX40jDee_tINbkjycV4Sg
UCuCwMz8aMJBFfhDnYicfdjg,Yaron Been,6,https://www.youtube.com/feeds/videos.xml?channel_id=UCuCwMz8aMJBFfhDnYicfdjg,https://www.youtube.com/channel/UCuCwMz8aMJBFfhDnYicfdjg
UCrXSVX9a1mj8l0CMLwKgMVw,AI Jason,5,https://www.youtube.com/feeds/videos.xml?channel_id=UCrXSVX9a1mj8l0CMLwKgMVw,https://www.youtube.com/channel/UCrXSVX9a1mj8l0CMLwKgMVw
UCPjNBjflYl0-HQtUvOx0Ibw,Greg Isenberg,5,https://www.youtube.com/feeds/videos.xml?channel_id=UCPjNBjflYl0-HQtUvOx0Ibw,https://www.youtube.com/channel/UCPjNBjflYl0-HQtUvOx0Ibw
UCE4PyAWiZ5gdPVFxDe4lLPQ,Chong-U ‚Äî AI Oriented Dev,5,https://www.youtube.com/feeds/videos.xml?channel_id=UCE4PyAWiZ5gdPVFxDe4lLPQ,https://www.youtube.com/channel/UCE4PyAWiZ5gdPVFxDe4lLPQ
UCrnqntHQ4oNe7HJtfiAMQ2g,Tyler AI,5,https://www.youtube.com/feeds/videos.xml?channel_id=UCrnqntHQ4oNe7HJtfiAMQ2g,https://www.youtube.com/channel/UCrnqntHQ4oNe7HJtfiAMQ2g
UCaIm6rTg-RXb6rB19fYJgTg,JeredBlu,5,https://www.youtube.com/feeds/videos.xml?channel_id=UCaIm6rTg-RXb6rB19fYJgTg,https://www.youtube.com/channel/UCaIm6rTg-RXb6rB19fYJgTg
UCncVoOXAma1zJUNTJGL6Ncw,Chris Hay,5,https://www.youtube.com/feeds/videos.xml?channel_id=UCncVoOXAma1zJUNTJGL6Ncw,https://www.youtube.com/channel/UCncVoOXAma1zJUNTJGL6Ncw
UC5l7RouTQ60oUjLjt1Nh-UQ,AI Revolution,5,https://www.youtube.com/feeds/videos.xml?channel_id=UC5l7RouTQ60oUjLjt1Nh-UQ,https://www.youtube.com/channel/UC5l7RouTQ60oUjLjt1Nh-UQ
UC7-TPqKMViddKZeo4K2P2jg,Pyotr Kurzin | Geopolitics,5,https://www.youtube.com/feeds/videos.xml?channel_id=UC7-TPqKMViddKZeo4K2P2jg,https://www.youtube.com/channel/UC7-TPqKMViddKZeo4K2P2jg
UC6P5WCWjqhhXVFBqbJHNxyw,Gao Dalie (È´òÈÅîÁÉà),5,https://www.youtube.com/feeds/videos.xml?channel_id=UC6P5WCWjqhhXVFBqbJHNxyw,https://www.youtube.com/channel/UC6P5WCWjqhhXVFBqbJHNxyw
UCyna_OxOWL7IEuOwb7WhmxQ,Elvis Saravia,5,https://www.youtube.com/feeds/videos.xml?channel_id=UCyna_OxOWL7IEuOwb7WhmxQ,https://www.youtube.com/channel/UCyna_OxOWL7IEuOwb7WhmxQ
UCBr1IoxBAF9RDPdTzb6459g,Volo Builds,5,https://www.youtube.com/feeds/videos.xml?channel_id=UCBr1IoxBAF9RDPdTzb6459g,https://www.youtube.com/channel/UCBr1IoxBAF9RDPdTzb6459g
UCtwEIq8U94Hnd-A0kl5GkZA,YourTechBud Codes,5,https://www.youtube.com/feeds/videos.xml?channel_id=UCtwEIq8U94Hnd-A0kl5GkZA,https://www.youtube.com/channel/UCtwEIq8U94Hnd-A0kl5GkZA
UCfZA9WrN9X0_upG1RIZYHuw,Launch Intelligence,5,https://www.youtube.com/feeds/videos.xml?channel_id=UCfZA9WrN9X0_upG1RIZYHuw,https://www.youtube.com/channel/UCfZA9WrN9X0_upG1RIZYHuw
UCvKRFNawVcuz4b9ihUTApCg,David Shapiro,5,https://www.youtube.com/feeds/videos.xml?channel_id=UCvKRFNawVcuz4b9ihUTApCg,https://www.youtube.com/channel/UCvKRFNawVcuz4b9ihUTApCg
UCcQNMvqrSiXtxmXJQfwS4ZA,Codewello,5,https://www.youtube.com/feeds/videos.xml?channel_id=UCcQNMvqrSiXtxmXJQfwS4ZA,https://www.youtube.com/channel/UCcQNMvqrSiXtxmXJQfwS4ZA
UCxgkN3luQgLQOd_L7tbOdhQ,Kno2gether,5,https://www.youtube.com/feeds/videos.xml?channel_id=UCxgkN3luQgLQOd_L7tbOdhQ,https://www.youtube.com/channel/UCxgkN3luQgLQOd_L7tbOdhQ
UC2WmuBuFq6gL08QYG-JjXKw,WorldofAI,4,https://www.youtube.com/feeds/videos.xml?channel_id=UC2WmuBuFq6gL08QYG-JjXKw,https://www.youtube.com/channel/UC2WmuBuFq6gL08QYG-JjXKw
UC_x5XG1OV2P6uZZ5FSM9Ttw,Google for Developers,4,https://www.youtube.com/feeds/videos.xml?channel_id=UC_x5XG1OV2P6uZZ5FSM9Ttw,https://www.youtube.com/channel/UC_x5XG1OV2P6uZZ5FSM9Ttw
UC6-EGajbNF0DPD9AJ8oQC1A,Matt Maher,4,https://www.youtube.com/feeds/videos.xml?channel_id=UC6-EGajbNF0DPD9AJ8oQC1A,https://www.youtube.com/channel/UC6-EGajbNF0DPD9AJ8oQC1A
UCXl4i9dYBrFOabk0xGmbkRA,Dwarkesh Patel,4,https://www.youtube.com/feeds/videos.xml?channel_id=UCXl4i9dYBrFOabk0xGmbkRA,https://www.youtube.com/channel/UCXl4i9dYBrFOabk0xGmbkRA
UCYeiozh-4QwuC1sjgCmB92w,DevOps Toolbox,4,https://www.youtube.com/feeds/videos.xml?channel_id=UCYeiozh-4QwuC1sjgCmB92w,https://www.youtube.com/channel/UCYeiozh-4QwuC1sjgCmB92w
UC3QIolTSR29ba4_u15vtEUQ,Cloudflare Developers,4,https://www.youtube.com/feeds/videos.xml?channel_id=UC3QIolTSR29ba4_u15vtEUQ,https://www.youtube.com/channel/UC3QIolTSR29ba4_u15vtEUQ
UCrDwWp7EBBv4NwvScIpBDOA,Anthropic,4,https://www.youtube.com/feeds/videos.xml?channel_id=UCrDwWp7EBBv4NwvScIpBDOA,https://www.youtube.com/channel/UCrDwWp7EBBv4NwvScIpBDOA
UCkVfrGwV-iG9bSsgCbrNPxQ,Better Stack,4,https://www.youtube.com/feeds/videos.xml?channel_id=UCkVfrGwV-iG9bSsgCbrNPxQ,https://www.youtube.com/channel/UCkVfrGwV-iG9bSsgCbrNPxQ
UC8wZnXYK_CGKlBcZp-GxYPA,NeuralNine,4,https://www.youtube.com/feeds/videos.xml?channel_id=UC8wZnXYK_CGKlBcZp-GxYPA,https://www.youtube.com/channel/UC8wZnXYK_CGKlBcZp-GxYPA
UCVhQ2NnY5Rskt6UjCUkJ_DA,ArjanCodes,4,https://www.youtube.com/feeds/videos.xml?channel_id=UCVhQ2NnY5Rskt6UjCUkJ_DA,https://www.youtube.com/channel/UCVhQ2NnY5Rskt6UjCUkJ_DA
UC5Wz4fFacYuON6IKbhSa7Zw,MattVidPro AI,4,https://www.youtube.com/feeds/videos.xml?channel_id=UC5Wz4fFacYuON6IKbhSa7Zw,https://www.youtube.com/channel/UC5Wz4fFacYuON6IKbhSa7Zw
UCO1aucBAJgFR8odzfXOZ5uw,Execute Automation,4,https://www.youtube.com/feeds/videos.xml?channel_id=UCO1aucBAJgFR8odzfXOZ5uw,https://www.youtube.com/channel/UCO1aucBAJgFR8odzfXOZ5uw
UCLIo-9WnXvQcXfXomQvYSOg,Eduards Ruzga,4,https://www.youtube.com/feeds/videos.xml?channel_id=UCLIo-9WnXvQcXfXomQvYSOg,https://www.youtube.com/channel/UCLIo-9WnXvQcXfXomQvYSOg
UC-zVytOQB62OwMhKRi0TDvg,AI Anytime,4,https://www.youtube.com/feeds/videos.xml?channel_id=UC-zVytOQB62OwMhKRi0TDvg,https://www.youtube.com/channel/UC-zVytOQB62OwMhKRi0TDvg
UCxBcwypKK-W3GHd_RZ9FZrQ,Latent Space,4,https://www.youtube.com/feeds/videos.xml?channel_id=UCxBcwypKK-W3GHd_RZ9FZrQ,https://www.youtube.com/channel/UCxBcwypKK-W3GHd_RZ9FZrQ
UCpV_X0VrL8-jg3t6wYGS-1g,1littlecoder,4,https://www.youtube.com/feeds/videos.xml?channel_id=UCpV_X0VrL8-jg3t6wYGS-1g,https://www.youtube.com/channel/UCpV_X0VrL8-jg3t6wYGS-1g
UC0FBv8ckxw1hrZxbUm3G7hA,Rob The AI Guy,3,https://www.youtube.com/feeds/videos.xml?channel_id=UC0FBv8ckxw1hrZxbUm3G7hA,https://www.youtube.com/channel/UC0FBv8ckxw1hrZxbUm3G7hA
UCfFEE8vgtFJITrQuLQFgucA,Zachary Huang,3,https://www.youtube.com/feeds/videos.xml?channel_id=UCfFEE8vgtFJITrQuLQFgucA,https://www.youtube.com/channel/UCfFEE8vgtFJITrQuLQFgucA
UCFig7skuwYrCIGy0tuZHA2Q,Sean Kochel,3,https://www.youtube.com/feeds/videos.xml?channel_id=UCFig7skuwYrCIGy0tuZHA2Q,https://www.youtube.com/channel/UCFig7skuwYrCIGy0tuZHA2Q
UC0C-17n9iuUQPylguM1d-lQ,AI News & Strategy Daily | Nate B Jones,3,https://www.youtube.com/feeds/videos.xml?channel_id=UC0C-17n9iuUQPylguM1d-lQ,https://www.youtube.com/channel/UC0C-17n9iuUQPylguM1d-lQ
UCORX3Cl7ByidjEgzSCgv9Yw,Anastasi In Tech,3,https://www.youtube.com/feeds/videos.xml?channel_id=UCORX3Cl7ByidjEgzSCgv9Yw,https://www.youtube.com/channel/UCORX3Cl7ByidjEgzSCgv9Yw
UCgkApalw5crKXOtr_mqtPQg,MCP Developers Summit,3,https://www.youtube.com/feeds/videos.xml?channel_id=UCgkApalw5crKXOtr_mqtPQg,https://www.youtube.com/channel/UCgkApalw5crKXOtr_mqtPQg
UCJS9pqu9BzkAMNTmzNMNhvg,Google Cloud Tech,3,https://www.youtube.com/feeds/videos.xml?channel_id=UCJS9pqu9BzkAMNTmzNMNhvg,https://www.youtube.com/channel/UCJS9pqu9BzkAMNTmzNMNhvg
UCyaN6mg5u8Cjy2ZI4ikWaug,My First Million,3,https://www.youtube.com/feeds/videos.xml?channel_id=UCyaN6mg5u8Cjy2ZI4ikWaug,https://www.youtube.com/channel/UCyaN6mg5u8Cjy2ZI4ikWaug
UC1weYqfDgX0ALlNOSzcyblQ,ManuAGI - AutoGPT Tutorials,3,https://www.youtube.com/feeds/videos.xml?channel_id=UC1weYqfDgX0ALlNOSzcyblQ,https://www.youtube.com/channel/UC1weYqfDgX0ALlNOSzcyblQ
UCHkzp52CldSPZqU5T49mOnA,Mark Kashef,3,https://www.youtube.com/feeds/videos.xml?channel_id=UCHkzp52CldSPZqU5T49mOnA,https://www.youtube.com/channel/UCHkzp52CldSPZqU5T49mOnA
UCF7fVZmwNUgL7BFH56PnigQ,theailanguage,3,https://www.youtube.com/feeds/videos.xml?channel_id=UCF7fVZmwNUgL7BFH56PnigQ,https://www.youtube.com/channel/UCF7fVZmwNUgL7BFH56PnigQ
UCn8ujwUInbJkBhffxqAPBVQ,Dave Ebbelaar,3,https://www.youtube.com/feeds/videos.xml?channel_id=UCn8ujwUInbJkBhffxqAPBVQ,https://www.youtube.com/channel/UCn8ujwUInbJkBhffxqAPBVQ
UC1RO76_HDT13u-lPXOA0t9A,Tech Friend AJ,3,https://www.youtube.com/feeds/videos.xml?channel_id=UC1RO76_HDT13u-lPXOA0t9A,https://www.youtube.com/channel/UC1RO76_HDT13u-lPXOA0t9A
UCIqqIb7M6_6EoQ5s3BobT8Q,The Feature Crew,3,https://www.youtube.com/feeds/videos.xml?channel_id=UCIqqIb7M6_6EoQ5s3BobT8Q,https://www.youtube.com/channel/UCIqqIb7M6_6EoQ5s3BobT8Q
UCNTVzV1InxHV-YR0fSajqPQ,Supabase,3,https://www.youtube.com/feeds/videos.xml?channel_id=UCNTVzV1InxHV-YR0fSajqPQ,https://www.youtube.com/channel/UCNTVzV1InxHV-YR0fSajqPQ
UC3xGUI2ENj-86adpm-USKbg,LLMs for Devs,3,https://www.youtube.com/feeds/videos.xml?channel_id=UC3xGUI2ENj-86adpm-USKbg,https://www.youtube.com/channel/UC3xGUI2ENj-86adpm-USKbg
UCcXAhu4M6Zqc0GU3sVacPhw,Zahiruddin Tavargere,3,https://www.youtube.com/feeds/videos.xml?channel_id=UCcXAhu4M6Zqc0GU3sVacPhw,https://www.youtube.com/channel/UCcXAhu4M6Zqc0GU3sVacPhw
UCGpsgNbzdF7BECCVbB1COHw,Julian Goldie SEO,3,https://www.youtube.com/feeds/videos.xml?channel_id=UCGpsgNbzdF7BECCVbB1COHw,https://www.youtube.com/channel/UCGpsgNbzdF7BECCVbB1COHw
UC98CzaYuFNAA_gOINFB0e4Q,EuroPython Conference,3,https://www.youtube.com/feeds/videos.xml?channel_id=UC98CzaYuFNAA_gOINFB0e4Q,https://www.youtube.com/channel/UC98CzaYuFNAA_gOINFB0e4Q
UCvVZ19DRSLIC2-RUOeWx8ug,Jie Jenn,3,https://www.youtube.com/feeds/videos.xml?channel_id=UCvVZ19DRSLIC2-RUOeWx8ug,https://www.youtube.com/channel/UCvVZ19DRSLIC2-RUOeWx8ug
UCPGrgwfbkjTIgPoOh2q1BAg,David Ondrej,3,https://www.youtube.com/feeds/videos.xml?channel_id=UCPGrgwfbkjTIgPoOh2q1BAg,https://www.youtube.com/channel/UCPGrgwfbkjTIgPoOh2q1BAg
UCn5fhcGRrCvrmFibPbT6q1A,Brian Lagerstrom ,3,https://www.youtube.com/feeds/videos.xml?channel_id=UCn5fhcGRrCvrmFibPbT6q1A,https://www.youtube.com/channel/UCn5fhcGRrCvrmFibPbT6q1A
UCuGxbFmuThl3vWO-tozt43A,Coding Crash Courses,3,https://www.youtube.com/feeds/videos.xml?channel_id=UCuGxbFmuThl3vWO-tozt43A,https://www.youtube.com/channel/UCuGxbFmuThl3vWO-tozt43A
UCSv4qL8vmoSH7GaPjuqRiCQ,Arseny Shatokhin,3,https://www.youtube.com/feeds/videos.xml?channel_id=UCSv4qL8vmoSH7GaPjuqRiCQ,https://www.youtube.com/channel/UCSv4qL8vmoSH7GaPjuqRiCQ
UCxZEC_fR0VrefLmtiJPBTBA,VinciBits,3,https://www.youtube.com/feeds/videos.xml?channel_id=UCxZEC_fR0VrefLmtiJPBTBA,https://www.youtube.com/channel/UCxZEC_fR0VrefLmtiJPBTBA
UCY0w_qU4qO5MgHpEkpRLocg,Craig Hewitt,2,https://www.youtube.com/feeds/videos.xml?channel_id=UCY0w_qU4qO5MgHpEkpRLocg,https://www.youtube.com/channel/UCY0w_qU4qO5MgHpEkpRLocg
UC-kM5kL9CgjN9s9pim089gg,Adam Conover,2,https://www.youtube.com/feeds/videos.xml?channel_id=UC-kM5kL9CgjN9s9pim089gg,https://www.youtube.com/channel/UC-kM5kL9CgjN9s9pim089gg
UCOXRjenlq9PmlTqd_JhAbMQ,Eric Tech,2,https://www.youtube.com/feeds/videos.xml?channel_id=UCOXRjenlq9PmlTqd_JhAbMQ,https://www.youtube.com/channel/UCOXRjenlq9PmlTqd_JhAbMQ
UCOEqiv0-yg_hx0nJiaWJK4Q,Kenny Liao,2,https://www.youtube.com/feeds/videos.xml?channel_id=UCOEqiv0-yg_hx0nJiaWJK4Q,https://www.youtube.com/channel/UCOEqiv0-yg_hx0nJiaWJK4Q
UCp38w5n099xkvoqciOaeFag,Taylor Lorenz,2,https://www.youtube.com/feeds/videos.xml?channel_id=UCp38w5n099xkvoqciOaeFag,https://www.youtube.com/channel/UCp38w5n099xkvoqciOaeFag
UC70SrI3VkT1MXALRtf0pcHg,Thomas DeLauer,2,https://www.youtube.com/feeds/videos.xml?channel_id=UC70SrI3VkT1MXALRtf0pcHg,https://www.youtube.com/channel/UC70SrI3VkT1MXALRtf0pcHg
UCqZMJXEtBw0umDvzFQ8oXtQ,Letta,2,https://www.youtube.com/feeds/videos.xml?channel_id=UCqZMJXEtBw0umDvzFQ8oXtQ,https://www.youtube.com/channel/UCqZMJXEtBw0umDvzFQ8oXtQ
UCxVxcTULO9cFU6SB9qVaisQ,Jack Roberts,2,https://www.youtube.com/feeds/videos.xml?channel_id=UCxVxcTULO9cFU6SB9qVaisQ,https://www.youtube.com/channel/UCxVxcTULO9cFU6SB9qVaisQ
UCH1kIzuOiRii_OwMet-DBZg,Chef Billy Parisi,2,https://www.youtube.com/feeds/videos.xml?channel_id=UCH1kIzuOiRii_OwMet-DBZg,https://www.youtube.com/channel/UCH1kIzuOiRii_OwMet-DBZg
UClbsdjQcVS_696NLB_z9_ug,The Dev Logger,2,https://www.youtube.com/feeds/videos.xml?channel_id=UClbsdjQcVS_696NLB_z9_ug,https://www.youtube.com/channel/UClbsdjQcVS_696NLB_z9_ug
UCnpBg7yqNauHtlNSpOl5-cg,Peter Yang,2,https://www.youtube.com/feeds/videos.xml?channel_id=UCnpBg7yqNauHtlNSpOl5-cg,https://www.youtube.com/channel/UCnpBg7yqNauHtlNSpOl5-cg
UCOCahKBCEUuzDJawM7yN1dg,Bijan Bowen,2,https://www.youtube.com/feeds/videos.xml?channel_id=UCOCahKBCEUuzDJawM7yN1dg,https://www.youtube.com/channel/UCOCahKBCEUuzDJawM7yN1dg
UC8F7X90NDmMr1mGx8897r_A,Bart Slodyczka,2,https://www.youtube.com/feeds/videos.xml?channel_id=UC8F7X90NDmMr1mGx8897r_A,https://www.youtube.com/channel/UC8F7X90NDmMr1mGx8897r_A
UCwU4Z4vzyvY4XzNUjTi0SUg,Coding the Future With AI,2,https://www.youtube.com/feeds/videos.xml?channel_id=UCwU4Z4vzyvY4XzNUjTi0SUg,https://www.youtube.com/channel/UCwU4Z4vzyvY4XzNUjTi0SUg
UCD4EOyXKjfDUhCI6jlOZZYQ,Eli the Computer Guy,2,https://www.youtube.com/feeds/videos.xml?channel_id=UCD4EOyXKjfDUhCI6jlOZZYQ,https://www.youtube.com/channel/UCD4EOyXKjfDUhCI6jlOZZYQ
UCfQNB91qRP_5ILeu_S_bSkg,Alex Finn,2,https://www.youtube.com/feeds/videos.xml?channel_id=UCfQNB91qRP_5ILeu_S_bSkg,https://www.youtube.com/channel/UCfQNB91qRP_5ILeu_S_bSkg
UC9Rd0gi2po8pDZC5qKlQW6Q,Burke Holland,2,https://www.youtube.com/feeds/videos.xml?channel_id=UC9Rd0gi2po8pDZC5qKlQW6Q,https://www.youtube.com/channel/UC9Rd0gi2po8pDZC5qKlQW6Q
UCZonap26CSIMtVKesNQN4dw,Frank Nillard,2,https://www.youtube.com/feeds/videos.xml?channel_id=UCZonap26CSIMtVKesNQN4dw,https://www.youtube.com/channel/UCZonap26CSIMtVKesNQN4dw
UCKlET6nkHSKNWef97D_UBkQ,Latifs Inspired,2,https://www.youtube.com/feeds/videos.xml?channel_id=UCKlET6nkHSKNWef97D_UBkQ,https://www.youtube.com/channel/UCKlET6nkHSKNWef97D_UBkQ
UCiGWNa6QK6CiKPvv5-YPv8g,Sabrina Ramonov üçÑ,2,https://www.youtube.com/feeds/videos.xml?channel_id=UCiGWNa6QK6CiKPvv5-YPv8g,https://www.youtube.com/channel/UCiGWNa6QK6CiKPvv5-YPv8g
UCPS2CLdJZaG_rFUXfwn2jpA,Mikkel Malmberg,2,https://www.youtube.com/feeds/videos.xml?channel_id=UCPS2CLdJZaG_rFUXfwn2jpA,https://www.youtube.com/channel/UCPS2CLdJZaG_rFUXfwn2jpA
UCMLtBahI5DMrt0NPvDSoIRQ,Machine Learning Street Talk,2,https://www.youtube.com/feeds/videos.xml?channel_id=UCMLtBahI5DMrt0NPvDSoIRQ,https://www.youtube.com/channel/UCMLtBahI5DMrt0NPvDSoIRQ
UCPzGwk1N5ea7sV3S2c2x1kg,Simon Willison,2,https://www.youtube.com/feeds/videos.xml?channel_id=UCPzGwk1N5ea7sV3S2c2x1kg,https://www.youtube.com/channel/UCPzGwk1N5ea7sV3S2c2x1kg
UCX6c6hTIqcphjMsXbeanJ1g,Prompt Engineer,2,https://www.youtube.com/feeds/videos.xml?channel_id=UCX6c6hTIqcphjMsXbeanJ1g,https://www.youtube.com/channel/UCX6c6hTIqcphjMsXbeanJ1g
UC9FCbOYPZl6QhXgxj_MGRkw,Franklin AI,2,https://www.youtube.com/feeds/videos.xml?channel_id=UC9FCbOYPZl6QhXgxj_MGRkw,https://www.youtube.com/channel/UC9FCbOYPZl6QhXgxj_MGRkw
UCyC5AJFvZmJqs_H5_rdSuTA,SkillCurb,2,https://www.youtube.com/feeds/videos.xml?channel_id=UCyC5AJFvZmJqs_H5_rdSuTA,https://www.youtube.com/channel/UCyC5AJFvZmJqs_H5_rdSuTA
UCJL_hSRHW8414diAIleErnw,Yifan - Beyond the Hype,2,https://www.youtube.com/feeds/videos.xml?channel_id=UCJL_hSRHW8414diAIleErnw,https://www.youtube.com/channel/UCJL_hSRHW8414diAIleErnw
UCfXE1-o59x5sZIjH27QJCYg,TechyTacos,2,https://www.youtube.com/feeds/videos.xml?channel_id=UCfXE1-o59x5sZIjH27QJCYg,https://www.youtube.com/channel/UCfXE1-o59x5sZIjH27QJCYg
UCHhYXsLBEVVnbvsq57n1MTQ,The AI Advantage,2,https://www.youtube.com/feeds/videos.xml?channel_id=UCHhYXsLBEVVnbvsq57n1MTQ,https://www.youtube.com/channel/UCHhYXsLBEVVnbvsq57n1MTQ
UC-jT0gfrP522feUmGKvJ9Nw,Aritra Sen,2,https://www.youtube.com/feeds/videos.xml?channel_id=UC-jT0gfrP522feUmGKvJ9Nw,https://www.youtube.com/channel/UC-jT0gfrP522feUmGKvJ9Nw
UC2WHjPDvbE6O328n17ZGcfg,ForrestKnight,2,https://www.youtube.com/feeds/videos.xml?channel_id=UC2WHjPDvbE6O328n17ZGcfg,https://www.youtube.com/channel/UC2WHjPDvbE6O328n17ZGcfg
UCRjSO-juFtngAeJGJRMdIZw,Gary Explains,2,https://www.youtube.com/feeds/videos.xml?channel_id=UCRjSO-juFtngAeJGJRMdIZw,https://www.youtube.com/channel/UCRjSO-juFtngAeJGJRMdIZw
UCbfYPyITQ-7l4upoX8nvctg,Two Minute Papers,2,https://www.youtube.com/feeds/videos.xml?channel_id=UCbfYPyITQ-7l4upoX8nvctg,https://www.youtube.com/channel/UCbfYPyITQ-7l4upoX8nvctg
UCIgnGlGkVRhd4qNFcEwLL4A,AI Search,2,https://www.youtube.com/feeds/videos.xml?channel_id=UCIgnGlGkVRhd4qNFcEwLL4A,https://www.youtube.com/channel/UCIgnGlGkVRhd4qNFcEwLL4A
UCgfe2ooZD3VJPB6aJAnuQng,bycloud,2,https://www.youtube.com/feeds/videos.xml?channel_id=UCgfe2ooZD3VJPB6aJAnuQng,https://www.youtube.com/channel/UCgfe2ooZD3VJPB6aJAnuQng
UCmZqTB34wHK3KdDoZAlNr0g,Blazing Zebra,2,https://www.youtube.com/feeds/videos.xml?channel_id=UCmZqTB34wHK3KdDoZAlNr0g,https://www.youtube.com/channel/UCmZqTB34wHK3KdDoZAlNr0g
UCgLxmJ8xER7Y7sywMN5SfWg,Underfitted,2,https://www.youtube.com/feeds/videos.xml?channel_id=UCgLxmJ8xER7Y7sywMN5SfWg,https://www.youtube.com/channel/UCgLxmJ8xER7Y7sywMN5SfWg
UC13cYu7lec-oOcqQf5L-brg,Carberra,2,https://www.youtube.com/feeds/videos.xml?channel_id=UC13cYu7lec-oOcqQf5L-brg,https://www.youtube.com/channel/UC13cYu7lec-oOcqQf5L-brg
UCfI2Wf-yji9reXIhn8U4jkQ,AISeeKing,2,https://www.youtube.com/feeds/videos.xml?channel_id=UCfI2Wf-yji9reXIhn8U4jkQ,https://www.youtube.com/channel/UCfI2Wf-yji9reXIhn8U4jkQ
UCYPPEiSfHfUkWXYq52EFKtw,Hands-on AI ,2,https://www.youtube.com/feeds/videos.xml?channel_id=UCYPPEiSfHfUkWXYq52EFKtw,https://www.youtube.com/channel/UCYPPEiSfHfUkWXYq52EFKtw
UCY2ifv8iH1Dsgjrz-h3lWLQ,Part Time Larry,2,https://www.youtube.com/feeds/videos.xml?channel_id=UCY2ifv8iH1Dsgjrz-h3lWLQ,https://www.youtube.com/channel/UCY2ifv8iH1Dsgjrz-h3lWLQ
UCj1bLFQXps6qOnbfT7Y1XXg,Opennote ,2,https://www.youtube.com/feeds/videos.xml?channel_id=UCj1bLFQXps6qOnbfT7Y1XXg,https://www.youtube.com/channel/UCj1bLFQXps6qOnbfT7Y1XXg
UCl51pyBtbbRYvemY9o9s-yg,Professor Patterns,2,https://www.youtube.com/feeds/videos.xml?channel_id=UCl51pyBtbbRYvemY9o9s-yg,https://www.youtube.com/channel/UCl51pyBtbbRYvemY9o9s-yg
UCA4GfsgbI09cLzonTKryC6g,Lev Selector,2,https://www.youtube.com/feeds/videos.xml?channel_id=UCA4GfsgbI09cLzonTKryC6g,https://www.youtube.com/channel/UCA4GfsgbI09cLzonTKryC6g
UCs5Y5_7XK8HLDX0SLNwkd3w,Visual Studio Code,2,https://www.youtube.com/feeds/videos.xml?channel_id=UCs5Y5_7XK8HLDX0SLNwkd3w,https://www.youtube.com/channel/UCs5Y5_7XK8HLDX0SLNwkd3w
UC1yNl2E66ZzKApQdRuTQ4tw,Sabine Hossenfelder,2,https://www.youtube.com/feeds/videos.xml?channel_id=UC1yNl2E66ZzKApQdRuTQ4tw,https://www.youtube.com/channel/UC1yNl2E66ZzKApQdRuTQ4tw
UCuxhTSKtnMJizinblLs9xOA,pixegami,2,https://www.youtube.com/feeds/videos.xml?channel_id=UCuxhTSKtnMJizinblLs9xOA,https://www.youtube.com/channel/UCuxhTSKtnMJizinblLs9xOA
UCeRjipR4_SsCddq9VZ2AeKg,LlamaIndex,2,https://www.youtube.com/feeds/videos.xml?channel_id=UCeRjipR4_SsCddq9VZ2AeKg,https://www.youtube.com/channel/UCeRjipR4_SsCddq9VZ2AeKg
UCf-N3fMCdbhVdBTXHgvSv1A,ZeroToProduct,2,https://www.youtube.com/feeds/videos.xml?channel_id=UCf-N3fMCdbhVdBTXHgvSv1A,https://www.youtube.com/channel/UCf-N3fMCdbhVdBTXHgvSv1A
UCqzK60-oUOEq36uU9B1MMUg,Julia McCoy,2,https://www.youtube.com/feeds/videos.xml?channel_id=UCqzK60-oUOEq36uU9B1MMUg,https://www.youtube.com/channel/UCqzK60-oUOEq36uU9B1MMUg
UCYmtslfhDgLbCdXpnvfg22w,Vibe Coding AI,2,https://www.youtube.com/feeds/videos.xml?channel_id=UCYmtslfhDgLbCdXpnvfg22w,https://www.youtube.com/channel/UCYmtslfhDgLbCdXpnvfg22w
UCKelCK4ZaO6HeEI1KQjqzWA,The AI Daily Brief: Artificial Intelligence News,2,https://www.youtube.com/feeds/videos.xml?channel_id=UCKelCK4ZaO6HeEI1KQjqzWA,https://www.youtube.com/channel/UCKelCK4ZaO6HeEI1KQjqzWA
UCuE6iwZKgGz8s6kznBRI9LQ,Developers Digest,2,https://www.youtube.com/feeds/videos.xml?channel_id=UCuE6iwZKgGz8s6kznBRI9LQ,https://www.youtube.com/channel/UCuE6iwZKgGz8s6kznBRI9LQ
UCjNRVMBVI30Sak_p6HRWhIA,"Cognitive Revolution ""How AI Changes Everything""",2,https://www.youtube.com/feeds/videos.xml?channel_id=UCjNRVMBVI30Sak_p6HRWhIA,https://www.youtube.com/channel/UCjNRVMBVI30Sak_p6HRWhIA
UCIzXayRP7-P0ANpq-nD-h5g,The Sun,2,https://www.youtube.com/feeds/videos.xml?channel_id=UCIzXayRP7-P0ANpq-nD-h5g,https://www.youtube.com/channel/UCIzXayRP7-P0ANpq-nD-h5g
UCh6wT1M9abL0wiJz4eZTwdw,Moritz | AI Builder,2,https://www.youtube.com/feeds/videos.xml?channel_id=UCh6wT1M9abL0wiJz4eZTwdw,https://www.youtube.com/channel/UCh6wT1M9abL0wiJz4eZTwdw
UCWkyIm1vy0Vx7BpMuIKhw7g,Wes Higbee,2,https://www.youtube.com/feeds/videos.xml?channel_id=UCWkyIm1vy0Vx7BpMuIKhw7g,https://www.youtube.com/channel/UCWkyIm1vy0Vx7BpMuIKhw7g
UCgKy5hcRubKAMrPSDtY-jyg,Code Playbook,2,https://www.youtube.com/feeds/videos.xml?channel_id=UCgKy5hcRubKAMrPSDtY-jyg,https://www.youtube.com/channel/UCgKy5hcRubKAMrPSDtY-jyg
UC9V7DJCQCOOTec2MelKmA8w,GrabDuck!,2,https://www.youtube.com/feeds/videos.xml?channel_id=UC9V7DJCQCOOTec2MelKmA8w,https://www.youtube.com/channel/UC9V7DJCQCOOTec2MelKmA8w
UCSHZKyawb77ixDdsGog4iWA,Lex Fridman,2,https://www.youtube.com/feeds/videos.xml?channel_id=UCSHZKyawb77ixDdsGog4iWA,https://www.youtube.com/channel/UCSHZKyawb77ixDdsGog4iWA
UCdn86UYrf54lXfVli9CB6Aw,Barack Obama,1,https://www.youtube.com/feeds/videos.xml?channel_id=UCdn86UYrf54lXfVli9CB6Aw,https://www.youtube.com/channel/UCdn86UYrf54lXfVli9CB6Aw
UCPmHSkid9IOYbdN1Psh24lg,Tiger Data (creators of TimescaleDB),1,https://www.youtube.com/feeds/videos.xml?channel_id=UCPmHSkid9IOYbdN1Psh24lg,https://www.youtube.com/channel/UCPmHSkid9IOYbdN1Psh24lg
UC1rFmaGLYr0Ve_Y_soxZNWQ,Quinn's Ideas,1,https://www.youtube.com/feeds/videos.xml?channel_id=UC1rFmaGLYr0Ve_Y_soxZNWQ,https://www.youtube.com/channel/UC1rFmaGLYr0Ve_Y_soxZNWQ
UC7XJj9pv_11a11FUxCMz15g,Vuk Rosiƒá,1,https://www.youtube.com/feeds/videos.xml?channel_id=UC7XJj9pv_11a11FUxCMz15g,https://www.youtube.com/channel/UC7XJj9pv_11a11FUxCMz15g
UCuoS-cgppnO46VCcQi81jvQ,Kevin McAleer,1,https://www.youtube.com/feeds/videos.xml?channel_id=UCuoS-cgppnO46VCcQi81jvQ,https://www.youtube.com/channel/UCuoS-cgppnO46VCcQi81jvQ
UCZXW8E1__d5tZb-wLFOt8TQ,Bog,1,https://www.youtube.com/feeds/videos.xml?channel_id=UCZXW8E1__d5tZb-wLFOt8TQ,https://www.youtube.com/channel/UCZXW8E1__d5tZb-wLFOt8TQ
UCPiMR-Ize9p3dgjzZ8bo9ZQ,The Tech Report,1,https://www.youtube.com/feeds/videos.xml?channel_id=UCPiMR-Ize9p3dgjzZ8bo9ZQ,https://www.youtube.com/channel/UCPiMR-Ize9p3dgjzZ8bo9ZQ
UC9H0HzpKf5JlazkADWnW1Jw,bashbunni,1,https://www.youtube.com/feeds/videos.xml?channel_id=UC9H0HzpKf5JlazkADWnW1Jw,https://www.youtube.com/channel/UC9H0HzpKf5JlazkADWnW1Jw
UCh8gHdtzO2tXd593_bjErWg,Doobydobap,1,https://www.youtube.com/feeds/videos.xml?channel_id=UCh8gHdtzO2tXd593_bjErWg,https://www.youtube.com/channel/UCh8gHdtzO2tXd593_bjErWg
UCstLIadsuuLmDdIzMZxesfg,WILD HOMESTEAD,1,https://www.youtube.com/feeds/videos.xml?channel_id=UCstLIadsuuLmDdIzMZxesfg,https://www.youtube.com/channel/UCstLIadsuuLmDdIzMZxesfg
UChIs72whgZI9w6d6FhwGGHA,Gamers Nexus,1,https://www.youtube.com/feeds/videos.xml?channel_id=UChIs72whgZI9w6d6FhwGGHA,https://www.youtube.com/channel/UChIs72whgZI9w6d6FhwGGHA
UCGfFUc6eWxfbtjYeun6r9xg,FloatHeadPhysics,1,https://www.youtube.com/feeds/videos.xml?channel_id=UCGfFUc6eWxfbtjYeun6r9xg,https://www.youtube.com/channel/UCGfFUc6eWxfbtjYeun6r9xg
UCs-2QQd9DYsjnQnHBrI4yJg,WesOps,1,https://www.youtube.com/feeds/videos.xml?channel_id=UCs-2QQd9DYsjnQnHBrI4yJg,https://www.youtube.com/channel/UCs-2QQd9DYsjnQnHBrI4yJg
UCX-xHRN9CnoXto5gcPskANA,UNITED24,1,https://www.youtube.com/feeds/videos.xml?channel_id=UCX-xHRN9CnoXto5gcPskANA,https://www.youtube.com/channel/UCX-xHRN9CnoXto5gcPskANA
UCnRmC8k3qzn0Qxq-nQOWmOA,Wes O'Donnell,1,https://www.youtube.com/feeds/videos.xml?channel_id=UCnRmC8k3qzn0Qxq-nQOWmOA,https://www.youtube.com/channel/UCnRmC8k3qzn0Qxq-nQOWmOA
UChKqZ1_RlN_MlP9NEeZqglA,Prof. Giordano Scarciotti,1,https://www.youtube.com/feeds/videos.xml?channel_id=UChKqZ1_RlN_MlP9NEeZqglA,https://www.youtube.com/channel/UChKqZ1_RlN_MlP9NEeZqglA
UCCw3DHyZnOhaxf8d9PAfN4Q,"Lisha Li, PhD to AI CEO | Math, Physics & Startups",1,https://www.youtube.com/feeds/videos.xml?channel_id=UCCw3DHyZnOhaxf8d9PAfN4Q,https://www.youtube.com/channel/UCCw3DHyZnOhaxf8d9PAfN4Q
UCK0z0_5uL7mb9IjntOKi5XQ,The Atlantic,1,https://www.youtube.com/feeds/videos.xml?channel_id=UCK0z0_5uL7mb9IjntOKi5XQ,https://www.youtube.com/channel/UCK0z0_5uL7mb9IjntOKi5XQ
UCt9WqM6o0y5YGqQm1nffFWQ,Boundary,1,https://www.youtube.com/feeds/videos.xml?channel_id=UCt9WqM6o0y5YGqQm1nffFWQ,https://www.youtube.com/channel/UCt9WqM6o0y5YGqQm1nffFWQ
UC9x0AN7BWHpCDHSm9NiJFJQ,NetworkChuck,1,https://www.youtube.com/feeds/videos.xml?channel_id=UC9x0AN7BWHpCDHSm9NiJFJQ,https://www.youtube.com/channel/UC9x0AN7BWHpCDHSm9NiJFJQ
UC1JoCw5K0iVcmA1Sf5SQv9g,ŸÖÿ∑ÿ®ÿÆŸÜÿß ÿßŸÑŸäŸÖŸÜŸä Our Yemeni Kitchen,1,https://www.youtube.com/feeds/videos.xml?channel_id=UC1JoCw5K0iVcmA1Sf5SQv9g,https://www.youtube.com/channel/UC1JoCw5K0iVcmA1Sf5SQv9g
UCVy16RS5eEDh8anP8j94G2A,DB Tech,1,https://www.youtube.com/feeds/videos.xml?channel_id=UCVy16RS5eEDh8anP8j94G2A,https://www.youtube.com/channel/UCVy16RS5eEDh8anP8j94G2A
UCrB7UFnkosBjAhOg3a9NdWw,Grace Leung,1,https://www.youtube.com/feeds/videos.xml?channel_id=UCrB7UFnkosBjAhOg3a9NdWw,https://www.youtube.com/channel/UCrB7UFnkosBjAhOg3a9NdWw
UCQTkxcTnQejxvlAxq4rpTGw,War & Politics 24,1,https://www.youtube.com/feeds/videos.xml?channel_id=UCQTkxcTnQejxvlAxq4rpTGw,https://www.youtube.com/channel/UCQTkxcTnQejxvlAxq4rpTGw
UCBHGZpDF2fsqPIPi0pNyuTg,Pivot with Kara Swisher and Scott Galloway,1,https://www.youtube.com/feeds/videos.xml?channel_id=UCBHGZpDF2fsqPIPi0pNyuTg,https://www.youtube.com/channel/UCBHGZpDF2fsqPIPi0pNyuTg
UCehBVAPy-bxmnbNARF-_tvA,More Perfect Union,1,https://www.youtube.com/feeds/videos.xml?channel_id=UCehBVAPy-bxmnbNARF-_tvA,https://www.youtube.com/channel/UCehBVAPy-bxmnbNARF-_tvA
UCz-yrxeZYIYdpEZgHGvIydA,Nic Barker,1,https://www.youtube.com/feeds/videos.xml?channel_id=UCz-yrxeZYIYdpEZgHGvIydA,https://www.youtube.com/channel/UCz-yrxeZYIYdpEZgHGvIydA
UCXuwhn5_41m4VxZJ3wcDyxA,Facts Matter with Roman Balmakov,1,https://www.youtube.com/feeds/videos.xml?channel_id=UCXuwhn5_41m4VxZJ3wcDyxA,https://www.youtube.com/channel/UCXuwhn5_41m4VxZJ3wcDyxA
UC4tpMC_bflphcXUtPk59Vyw,Feral Historian,1,https://www.youtube.com/feeds/videos.xml?channel_id=UC4tpMC_bflphcXUtPk59Vyw,https://www.youtube.com/channel/UC4tpMC_bflphcXUtPk59Vyw
UCCkFJmUgzrZdkeHl_qPItsA,Anne of All Trades,1,https://www.youtube.com/feeds/videos.xml?channel_id=UCCkFJmUgzrZdkeHl_qPItsA,https://www.youtube.com/channel/UCCkFJmUgzrZdkeHl_qPItsA
UCtwRmIz_R9ZVI6JUWLiH6Ug,Ken Cao ,1,https://www.youtube.com/feeds/videos.xml?channel_id=UCtwRmIz_R9ZVI6JUWLiH6Ug,https://www.youtube.com/channel/UCtwRmIz_R9ZVI6JUWLiH6Ug
UC_iUeUzozCHEReJ-shKcCYA,Internet Anarchist,1,https://www.youtube.com/feeds/videos.xml?channel_id=UC_iUeUzozCHEReJ-shKcCYA,https://www.youtube.com/channel/UC_iUeUzozCHEReJ-shKcCYA
UCpb-xu6Oun_d41RjztUgFWA,How To Home,1,https://www.youtube.com/feeds/videos.xml?channel_id=UCpb-xu6Oun_d41RjztUgFWA,https://www.youtube.com/channel/UCpb-xu6Oun_d41RjztUgFWA
UCZnfMdVCt4Wg7qP2YKCGvQA,The Blood Pressure Doc,1,https://www.youtube.com/feeds/videos.xml?channel_id=UCZnfMdVCt4Wg7qP2YKCGvQA,https://www.youtube.com/channel/UCZnfMdVCt4Wg7qP2YKCGvQA
UCA-mWX9CvCTVFWRMb9bKc9w,Dan Martell,1,https://www.youtube.com/feeds/videos.xml?channel_id=UCA-mWX9CvCTVFWRMb9bKc9w,https://www.youtube.com/channel/UCA-mWX9CvCTVFWRMb9bKc9w
UC4tQodst5JD0nHzD5VX0OAA,Adam Byatt,1,https://www.youtube.com/feeds/videos.xml?channel_id=UC4tQodst5JD0nHzD5VX0OAA,https://www.youtube.com/channel/UC4tQodst5JD0nHzD5VX0OAA
UCiq1FIgtEK7LRAOB1JXTPig,Silicon Valley Girl,1,https://www.youtube.com/feeds/videos.xml?channel_id=UCiq1FIgtEK7LRAOB1JXTPig,https://www.youtube.com/channel/UCiq1FIgtEK7LRAOB1JXTPig
UCSouanxGVjunqQrxqjMDYXg,Watch This Instead,1,https://www.youtube.com/feeds/videos.xml?channel_id=UCSouanxGVjunqQrxqjMDYXg,https://www.youtube.com/channel/UCSouanxGVjunqQrxqjMDYXg
UC3KfcvCLVi2PW_QY80hEwTA,Military & History,1,https://www.youtube.com/feeds/videos.xml?channel_id=UC3KfcvCLVi2PW_QY80hEwTA,https://www.youtube.com/channel/UC3KfcvCLVi2PW_QY80hEwTA
UCzuie21ADz_tGifBxkNXS9w,Ant's BBQ Story,1,https://www.youtube.com/feeds/videos.xml?channel_id=UCzuie21ADz_tGifBxkNXS9w,https://www.youtube.com/channel/UCzuie21ADz_tGifBxkNXS9w
UC51fwc9aSHDgOu29cyo2-TQ,Ana Wallace Johnson,1,https://www.youtube.com/feeds/videos.xml?channel_id=UC51fwc9aSHDgOu29cyo2-TQ,https://www.youtube.com/channel/UC51fwc9aSHDgOu29cyo2-TQ
UC1E1SVcVyU3ntWMSQEp38Yw,The Prof G Pod ‚Äì Scott Galloway,1,https://www.youtube.com/feeds/videos.xml?channel_id=UC1E1SVcVyU3ntWMSQEp38Yw,https://www.youtube.com/channel/UC1E1SVcVyU3ntWMSQEp38Yw
UC0-7PyfpOIJpNyi8WrHiyXA,Jason Carman,1,https://www.youtube.com/feeds/videos.xml?channel_id=UC0-7PyfpOIJpNyi8WrHiyXA,https://www.youtube.com/channel/UC0-7PyfpOIJpNyi8WrHiyXA
UC3J6Rx5Qcx6-v6W9BBgF8sw,Silicon Curtain,1,https://www.youtube.com/feeds/videos.xml?channel_id=UC3J6Rx5Qcx6-v6W9BBgF8sw,https://www.youtube.com/channel/UC3J6Rx5Qcx6-v6W9BBgF8sw
UCsT0YIqwnpJCM-mx7-gSA4Q,TEDx Talks,1,https://www.youtube.com/feeds/videos.xml?channel_id=UCsT0YIqwnpJCM-mx7-gSA4Q,https://www.youtube.com/channel/UCsT0YIqwnpJCM-mx7-gSA4Q
UC4FK5DEcMLB3CyJcbJfZEJA,Nick Puru | AI Automation,1,https://www.youtube.com/feeds/videos.xml?channel_id=UC4FK5DEcMLB3CyJcbJfZEJA,https://www.youtube.com/channel/UC4FK5DEcMLB3CyJcbJfZEJA
UCnjgxChqYYnyoqO4k_Q1d6Q,The Diary Of A CEO Clips,1,https://www.youtube.com/feeds/videos.xml?channel_id=UCnjgxChqYYnyoqO4k_Q1d6Q,https://www.youtube.com/channel/UCnjgxChqYYnyoqO4k_Q1d6Q
UCSNgS5ZY7JudYXoK6N3dqFA,Man Made,1,https://www.youtube.com/feeds/videos.xml?channel_id=UCSNgS5ZY7JudYXoK6N3dqFA,https://www.youtube.com/channel/UCSNgS5ZY7JudYXoK6N3dqFA
UCVyRiMvfUNMA1UPlDPzG5Ow,DesignCourse,1,https://www.youtube.com/feeds/videos.xml?channel_id=UCVyRiMvfUNMA1UPlDPzG5Ow,https://www.youtube.com/channel/UCVyRiMvfUNMA1UPlDPzG5Ow
UC-yRDvpR99LUc5l7i7jLzew,Bg2 Pod,1,https://www.youtube.com/feeds/videos.xml?channel_id=UC-yRDvpR99LUc5l7i7jLzew,https://www.youtube.com/channel/UC-yRDvpR99LUc5l7i7jLzew
UC5w_8GUoH9PeRLWatDKJ79Q,Pipelex,1,https://www.youtube.com/feeds/videos.xml?channel_id=UC5w_8GUoH9PeRLWatDKJ79Q,https://www.youtube.com/channel/UC5w_8GUoH9PeRLWatDKJ79Q
UCGy7SkBjcIAgTiwkXEtPnYg,Andrei Jikh,1,https://www.youtube.com/feeds/videos.xml?channel_id=UCGy7SkBjcIAgTiwkXEtPnYg,https://www.youtube.com/channel/UCGy7SkBjcIAgTiwkXEtPnYg
UCpuqYFKLkcEryEieomiAv3Q,Therapy in a Nutshell,1,https://www.youtube.com/feeds/videos.xml?channel_id=UCpuqYFKLkcEryEieomiAv3Q,https://www.youtube.com/channel/UCpuqYFKLkcEryEieomiAv3Q
UCzYZk4bZ07yJeK7Zd_z37Cw,Food Network UK,1,https://www.youtube.com/feeds/videos.xml?channel_id=UCzYZk4bZ07yJeK7Zd_z37Cw,https://www.youtube.com/channel/UCzYZk4bZ07yJeK7Zd_z37Cw
UC8LbCdO57DhJsCmhUeL-DZA,Devs Kingdom,1,https://www.youtube.com/feeds/videos.xml?channel_id=UC8LbCdO57DhJsCmhUeL-DZA,https://www.youtube.com/channel/UC8LbCdO57DhJsCmhUeL-DZA
UCESLZhusAkFfsNsApnjF_Cg,All-In Podcast,1,https://www.youtube.com/feeds/videos.xml?channel_id=UCESLZhusAkFfsNsApnjF_Cg,https://www.youtube.com/channel/UCESLZhusAkFfsNsApnjF_Cg
UCv5y_1vvrbTaPOAwIY_3AaA,Ann Undefined,1,https://www.youtube.com/feeds/videos.xml?channel_id=UCv5y_1vvrbTaPOAwIY_3AaA,https://www.youtube.com/channel/UCv5y_1vvrbTaPOAwIY_3AaA
UCPzxPFwYykRjEneXL7dL3oQ,AI Frontiers,1,https://www.youtube.com/feeds/videos.xml?channel_id=UCPzxPFwYykRjEneXL7dL3oQ,https://www.youtube.com/channel/UCPzxPFwYykRjEneXL7dL3oQ
UC-dmJ79518WlKMbsu50eMTQ,Clark Kegley,1,https://www.youtube.com/feeds/videos.xml?channel_id=UC-dmJ79518WlKMbsu50eMTQ,https://www.youtube.com/channel/UC-dmJ79518WlKMbsu50eMTQ
UC1oAPWSf9lAfRGugPaeALHA,Ghetto The NPC,1,https://www.youtube.com/feeds/videos.xml?channel_id=UC1oAPWSf9lAfRGugPaeALHA,https://www.youtube.com/channel/UC1oAPWSf9lAfRGugPaeALHA
UCwffSP9kO8pMZVr1Ugqvbzw,HTX Studio,1,https://www.youtube.com/feeds/videos.xml?channel_id=UCwffSP9kO8pMZVr1Ugqvbzw,https://www.youtube.com/channel/UCwffSP9kO8pMZVr1Ugqvbzw
UCAuUUnT6oDeKwE6v1NGQxug,TED,1,https://www.youtube.com/feeds/videos.xml?channel_id=UCAuUUnT6oDeKwE6v1NGQxug,https://www.youtube.com/channel/UCAuUUnT6oDeKwE6v1NGQxug
UCsQdi6X-12eUKBBBze46STA,Glucose Revolution,1,https://www.youtube.com/feeds/videos.xml?channel_id=UCsQdi6X-12eUKBBBze46STA,https://www.youtube.com/channel/UCsQdi6X-12eUKBBBze46STA
UCYHosdETLPp6dpJEsgIUTmw,Jake Broe,1,https://www.youtube.com/feeds/videos.xml?channel_id=UCYHosdETLPp6dpJEsgIUTmw,https://www.youtube.com/channel/UCYHosdETLPp6dpJEsgIUTmw
UCqJxABBuzx4vj_RxogCbAFA,Code with Ali,1,https://www.youtube.com/feeds/videos.xml?channel_id=UCqJxABBuzx4vj_RxogCbAFA,https://www.youtube.com/channel/UCqJxABBuzx4vj_RxogCbAFA
UCxIJaCMEptJjxmmQgGFsnCg,YC Root Access,1,https://www.youtube.com/feeds/videos.xml?channel_id=UCxIJaCMEptJjxmmQgGFsnCg,https://www.youtube.com/channel/UCxIJaCMEptJjxmmQgGFsnCg
UCyb38ARmbRdMlVEVXDBD4xw,Run it Bare,1,https://www.youtube.com/feeds/videos.xml?channel_id=UCyb38ARmbRdMlVEVXDBD4xw,https://www.youtube.com/channel/UCyb38ARmbRdMlVEVXDBD4xw
UC5fdyC4LxyyYv8Am6nDrkmg,FoundMyFitness Clips,1,https://www.youtube.com/feeds/videos.xml?channel_id=UC5fdyC4LxyyYv8Am6nDrkmg,https://www.youtube.com/channel/UC5fdyC4LxyyYv8Am6nDrkmg
UCWZ_8BX5HpmKN4iTgLQGalw,Rachel's Step by Step,1,https://www.youtube.com/feeds/videos.xml?channel_id=UCWZ_8BX5HpmKN4iTgLQGalw,https://www.youtube.com/channel/UCWZ_8BX5HpmKN4iTgLQGalw
UCymFcSHutO2_6as95Sjvk0Q,How To Vibe Code ,1,https://www.youtube.com/feeds/videos.xml?channel_id=UCymFcSHutO2_6as95Sjvk0Q,https://www.youtube.com/channel/UCymFcSHutO2_6as95Sjvk0Q
UCr17eO9Sbr1Jh1jcGexcXQA,eXtreme,1,https://www.youtube.com/feeds/videos.xml?channel_id=UCr17eO9Sbr1Jh1jcGexcXQA,https://www.youtube.com/channel/UCr17eO9Sbr1Jh1jcGexcXQA
UCJIfeSCssxSC_Dhc5s7woww,Lex Clips,1,https://www.youtube.com/feeds/videos.xml?channel_id=UCJIfeSCssxSC_Dhc5s7woww,https://www.youtube.com/channel/UCJIfeSCssxSC_Dhc5s7woww
UCzu6pddFMRuia9JfLe19aQQ,AI Unleashed,1,https://www.youtube.com/feeds/videos.xml?channel_id=UCzu6pddFMRuia9JfLe19aQQ,https://www.youtube.com/channel/UCzu6pddFMRuia9JfLe19aQQ
UC6N_qOUJ78rJRxw7Kie4dXw,Tim Carambat,1,https://www.youtube.com/feeds/videos.xml?channel_id=UC6N_qOUJ78rJRxw7Kie4dXw,https://www.youtube.com/channel/UC6N_qOUJ78rJRxw7Kie4dXw
UCfQk5qGOEO5cPPDFlQe2lFQ,Your Average Tech Bro,1,https://www.youtube.com/feeds/videos.xml?channel_id=UCfQk5qGOEO5cPPDFlQe2lFQ,https://www.youtube.com/channel/UCfQk5qGOEO5cPPDFlQe2lFQ
UCMcoud_ZW7cfxeIugBflSBw,Riley Brown,1,https://www.youtube.com/feeds/videos.xml?channel_id=UCMcoud_ZW7cfxeIugBflSBw,https://www.youtube.com/channel/UCMcoud_ZW7cfxeIugBflSBw
UCPAsdtOiE8n4jBEOOUPr-pA,OneGrep (YC W24),1,https://www.youtube.com/feeds/videos.xml?channel_id=UCPAsdtOiE8n4jBEOOUPr-pA,https://www.youtube.com/channel/UCPAsdtOiE8n4jBEOOUPr-pA
UCEENWVBdvDy-QWfuQoXC9HQ,Species | Documenting AGI,1,https://www.youtube.com/feeds/videos.xml?channel_id=UCEENWVBdvDy-QWfuQoXC9HQ,https://www.youtube.com/channel/UCEENWVBdvDy-QWfuQoXC9HQ
UCSxPE9PHHxQUEt6ajGmQyMA,Brian Casel,1,https://www.youtube.com/feeds/videos.xml?channel_id=UCSxPE9PHHxQUEt6ajGmQyMA,https://www.youtube.com/channel/UCSxPE9PHHxQUEt6ajGmQyMA
UC6MhHkSosYXAD-LTXBWyLMg,Neural Breakdown with AVB,1,https://www.youtube.com/feeds/videos.xml?channel_id=UC6MhHkSosYXAD-LTXBWyLMg,https://www.youtube.com/channel/UC6MhHkSosYXAD-LTXBWyLMg
UCP4bf6IHJJQehibu6ai__cg,Firebase,1,https://www.youtube.com/feeds/videos.xml?channel_id=UCP4bf6IHJJQehibu6ai__cg,https://www.youtube.com/channel/UCP4bf6IHJJQehibu6ai__cg
UCWmGT9NatF2mhCLgUcXkT0g,Testosterone Growth,1,https://www.youtube.com/feeds/videos.xml?channel_id=UCWmGT9NatF2mhCLgUcXkT0g,https://www.youtube.com/channel/UCWmGT9NatF2mhCLgUcXkT0g
UCkQ2J1LUtzt_kNzH_cC24AA,Internet Education,1,https://www.youtube.com/feeds/videos.xml?channel_id=UCkQ2J1LUtzt_kNzH_cC24AA,https://www.youtube.com/channel/UCkQ2J1LUtzt_kNzH_cC24AA
UChhw6DlKKTQ9mYSpTfXUYqA,Starter Story,1,https://www.youtube.com/feeds/videos.xml?channel_id=UChhw6DlKKTQ9mYSpTfXUYqA,https://www.youtube.com/channel/UChhw6DlKKTQ9mYSpTfXUYqA
UCI2LD1AclsdXluJiJZTWKAQ,Isaac,1,https://www.youtube.com/feeds/videos.xml?channel_id=UCI2LD1AclsdXluJiJZTWKAQ,https://www.youtube.com/channel/UCI2LD1AclsdXluJiJZTWKAQ
UCTMRxtyHoE3LPcrl-kT4AQQ,Google Cloud,1,https://www.youtube.com/feeds/videos.xml?channel_id=UCTMRxtyHoE3LPcrl-kT4AQQ,https://www.youtube.com/channel/UCTMRxtyHoE3LPcrl-kT4AQQ
UCT09qC2vwlbJvofZRIdLalg,Flick Connection,1,https://www.youtube.com/feeds/videos.xml?channel_id=UCT09qC2vwlbJvofZRIdLalg,https://www.youtube.com/channel/UCT09qC2vwlbJvofZRIdLalg
UCiv_dpEdqEJKPAdc0wpFAkA,Greg Baugues,1,https://www.youtube.com/feeds/videos.xml?channel_id=UCiv_dpEdqEJKPAdc0wpFAkA,https://www.youtube.com/channel/UCiv_dpEdqEJKPAdc0wpFAkA
UCphvapYK_MX5ZeMSFxFTQFQ,Rajib Deb,1,https://www.youtube.com/feeds/videos.xml?channel_id=UCphvapYK_MX5ZeMSFxFTQFQ,https://www.youtube.com/channel/UCphvapYK_MX5ZeMSFxFTQFQ
UCbHAbP7Fh1cYRCNvJO6J5TQ,Angel Poon,1,https://www.youtube.com/feeds/videos.xml?channel_id=UCbHAbP7Fh1cYRCNvJO6J5TQ,https://www.youtube.com/channel/UCbHAbP7Fh1cYRCNvJO6J5TQ
UCqQIRMJAorARJQpcHzlf1oQ,Dan Barrett,1,https://www.youtube.com/feeds/videos.xml?channel_id=UCqQIRMJAorARJQpcHzlf1oQ,https://www.youtube.com/channel/UCqQIRMJAorARJQpcHzlf1oQ
UClWTCPVi-AU9TeCN6FkGARg,EO,1,https://www.youtube.com/feeds/videos.xml?channel_id=UClWTCPVi-AU9TeCN6FkGARg,https://www.youtube.com/channel/UClWTCPVi-AU9TeCN6FkGARg
UCujMOyMfjf4hvYn7aRe1JEQ,Everyday AI,1,https://www.youtube.com/feeds/videos.xml?channel_id=UCujMOyMfjf4hvYn7aRe1JEQ,https://www.youtube.com/channel/UCujMOyMfjf4hvYn7aRe1JEQ
UCJFMlSxcvlZg5yZUYJT0Pug,corbin,1,https://www.youtube.com/feeds/videos.xml?channel_id=UCJFMlSxcvlZg5yZUYJT0Pug,https://www.youtube.com/channel/UCJFMlSxcvlZg5yZUYJT0Pug
UCVU1nsZgWGjLGcZevDpcCmA,Nariman Codes,1,https://www.youtube.com/feeds/videos.xml?channel_id=UCVU1nsZgWGjLGcZevDpcCmA,https://www.youtube.com/channel/UCVU1nsZgWGjLGcZevDpcCmA
UCVC1GrIK_002p3V1D94VO9A,Pydantic,1,https://www.youtube.com/feeds/videos.xml?channel_id=UCVC1GrIK_002p3V1D94VO9A,https://www.youtube.com/channel/UCVC1GrIK_002p3V1D94VO9A
UCXZCJLdBC09xxGZ6gcdrc6A,OpenAI,1,https://www.youtube.com/feeds/videos.xml?channel_id=UCXZCJLdBC09xxGZ6gcdrc6A,https://www.youtube.com/channel/UCXZCJLdBC09xxGZ6gcdrc6A
UCARTd6lVfdAm2T04MYl_TDw,Angie Jones,1,https://www.youtube.com/feeds/videos.xml?channel_id=UCARTd6lVfdAm2T04MYl_TDw,https://www.youtube.com/channel/UCARTd6lVfdAm2T04MYl_TDw
UCj7NrzZWW3w3lHTk5v-GuXw,MG,1,https://www.youtube.com/feeds/videos.xml?channel_id=UCj7NrzZWW3w3lHTk5v-GuXw,https://www.youtube.com/channel/UCj7NrzZWW3w3lHTk5v-GuXw
UCyU5wkjgQYGRB0hIHMwm2Sg,Syntax,1,https://www.youtube.com/feeds/videos.xml?channel_id=UCyU5wkjgQYGRB0hIHMwm2Sg,https://www.youtube.com/channel/UCyU5wkjgQYGRB0hIHMwm2Sg
UCn-HpdiYZtRq6vhWgDBQlEw,Loopelligence,1,https://www.youtube.com/feeds/videos.xml?channel_id=UCn-HpdiYZtRq6vhWgDBQlEw,https://www.youtube.com/channel/UCn-HpdiYZtRq6vhWgDBQlEw
UCFxwS8HIGH5_ut1fk0PNAHw,Eric Roby,1,https://www.youtube.com/feeds/videos.xml?channel_id=UCFxwS8HIGH5_ut1fk0PNAHw,https://www.youtube.com/channel/UCFxwS8HIGH5_ut1fk0PNAHw
UCQ9WFkn0FZwy0EyT5Di-ihg,ricette arabe,1,https://www.youtube.com/feeds/videos.xml?channel_id=UCQ9WFkn0FZwy0EyT5Di-ihg,https://www.youtube.com/channel/UCQ9WFkn0FZwy0EyT5Di-ihg
UCecfdozd4wiDEuc6tq0hJoQ,Daily AI Coding & Strategy | Parker Rex ,1,https://www.youtube.com/feeds/videos.xml?channel_id=UCecfdozd4wiDEuc6tq0hJoQ,https://www.youtube.com/channel/UCecfdozd4wiDEuc6tq0hJoQ
UCFiU1vIpPD3lQltke_18m3A,Wanderloots,1,https://www.youtube.com/feeds/videos.xml?channel_id=UCFiU1vIpPD3lQltke_18m3A,https://www.youtube.com/channel/UCFiU1vIpPD3lQltke_18m3A
UCZf_9SblvM8iTTkouFEcHtA,Marina Wyss - AI & Machine Learning,1,https://www.youtube.com/feeds/videos.xml?channel_id=UCZf_9SblvM8iTTkouFEcHtA,https://www.youtube.com/channel/UCZf_9SblvM8iTTkouFEcHtA
UCDDG9vOcmgwlslJJpCWjqOg,Salvatore Sanfilippo,1,https://www.youtube.com/feeds/videos.xml?channel_id=UCDDG9vOcmgwlslJJpCWjqOg,https://www.youtube.com/channel/UCDDG9vOcmgwlslJJpCWjqOg
UC2rCpcqVtfwddasPSAtIyxA,Adam Gardner,1,https://www.youtube.com/feeds/videos.xml?channel_id=UC2rCpcqVtfwddasPSAtIyxA,https://www.youtube.com/channel/UC2rCpcqVtfwddasPSAtIyxA
UCgRZxW2HxemVkz_ogRaYZrw,Riza,1,https://www.youtube.com/feeds/videos.xml?channel_id=UCgRZxW2HxemVkz_ogRaYZrw,https://www.youtube.com/channel/UCgRZxW2HxemVkz_ogRaYZrw
UC73V2lmC9ovmYr8LJoENdjg,Gourcer,1,https://www.youtube.com/feeds/videos.xml?channel_id=UC73V2lmC9ovmYr8LJoENdjg,https://www.youtube.com/channel/UC73V2lmC9ovmYr8LJoENdjg
UC3GMCEqmje5CAbKN__cffBw,Mahmut Kasimoglu | AI Creatives,1,https://www.youtube.com/feeds/videos.xml?channel_id=UC3GMCEqmje5CAbKN__cffBw,https://www.youtube.com/channel/UC3GMCEqmje5CAbKN__cffBw
UCdNxNJY367Cd06z1GnhucaA,TechRill,1,https://www.youtube.com/feeds/videos.xml?channel_id=UCdNxNJY367Cd06z1GnhucaA,https://www.youtube.com/channel/UCdNxNJY367Cd06z1GnhucaA
UCUm5D6tXtHeI_hLSdAwSFow,Sefy Tofan | AI Automation,1,https://www.youtube.com/feeds/videos.xml?channel_id=UCUm5D6tXtHeI_hLSdAwSFow,https://www.youtube.com/channel/UCUm5D6tXtHeI_hLSdAwSFow
UCytBox4fnNdt_TEaI_UN8zw,Ryan Braund - writer | director | animator,1,https://www.youtube.com/feeds/videos.xml?channel_id=UCytBox4fnNdt_TEaI_UN8zw,https://www.youtube.com/channel/UCytBox4fnNdt_TEaI_UN8zw
UC_9HuD0H59oFO3tShAMd8aQ,Reda Marzouk,1,https://www.youtube.com/feeds/videos.xml?channel_id=UC_9HuD0H59oFO3tShAMd8aQ,https://www.youtube.com/channel/UC_9HuD0H59oFO3tShAMd8aQ
UCuj3s14vnc9QMkzBcXwN6Rg,U-Taste,1,https://www.youtube.com/feeds/videos.xml?channel_id=UCuj3s14vnc9QMkzBcXwN6Rg,https://www.youtube.com/channel/UCuj3s14vnc9QMkzBcXwN6Rg
UCD7amT5yMTtEnAgVhA68vgQ,"Jeremy London, MD",1,https://www.youtube.com/feeds/videos.xml?channel_id=UCD7amT5yMTtEnAgVhA68vgQ,https://www.youtube.com/channel/UCD7amT5yMTtEnAgVhA68vgQ
UC2xOn0xQj1HIpHJpOy5tvpA,Stream Developers,1,https://www.youtube.com/feeds/videos.xml?channel_id=UC2xOn0xQj1HIpHJpOy5tvpA,https://www.youtube.com/channel/UC2xOn0xQj1HIpHJpOy5tvpA
UC9_p50tH3WmMslWRWKnM7dQ,Adam Ragusea,1,https://www.youtube.com/feeds/videos.xml?channel_id=UC9_p50tH3WmMslWRWKnM7dQ,https://www.youtube.com/channel/UC9_p50tH3WmMslWRWKnM7dQ
UCYq0KbZ_0m81HTx5gdTK8kQ,Ai Austin,1,https://www.youtube.com/feeds/videos.xml?channel_id=UCYq0KbZ_0m81HTx5gdTK8kQ,https://www.youtube.com/channel/UCYq0KbZ_0m81HTx5gdTK8kQ
UCbyjYRUS9gADwAGuUxcfVcA,Sip and Feast,1,https://www.youtube.com/feeds/videos.xml?channel_id=UCbyjYRUS9gADwAGuUxcfVcA,https://www.youtube.com/channel/UCbyjYRUS9gADwAGuUxcfVcA
UCFU9Go20p01kC64w-tmFORw,Evren Ozkip,1,https://www.youtube.com/feeds/videos.xml?channel_id=UCFU9Go20p01kC64w-tmFORw,https://www.youtube.com/channel/UCFU9Go20p01kC64w-tmFORw
UCmvYCRYPDlzSHVNCI_ViJDQ,Tiago Forte,1,https://www.youtube.com/feeds/videos.xml?channel_id=UCmvYCRYPDlzSHVNCI_ViJDQ,https://www.youtube.com/channel/UCmvYCRYPDlzSHVNCI_ViJDQ
UCHsThxa9HvDpSywv4bP55NA,J. Gravelle,1,https://www.youtube.com/feeds/videos.xml?channel_id=UCHsThxa9HvDpSywv4bP55NA,https://www.youtube.com/channel/UCHsThxa9HvDpSywv4bP55NA
UC_oqZXtcxfJTaw1j2M1H1XQ,Sauce Stache,1,https://www.youtube.com/feeds/videos.xml?channel_id=UC_oqZXtcxfJTaw1j2M1H1XQ,https://www.youtube.com/channel/UC_oqZXtcxfJTaw1j2M1H1XQ
UC0BHO4AbCeBpghWNifMbH5Q,Leonardo Grigorio | Build & Ship with AI,1,https://www.youtube.com/feeds/videos.xml?channel_id=UC0BHO4AbCeBpghWNifMbH5Q,https://www.youtube.com/channel/UC0BHO4AbCeBpghWNifMbH5Q
UC1oXUA7qgs0GZc_yk46K2OQ,Alejandro AO,1,https://www.youtube.com/feeds/videos.xml?channel_id=UC1oXUA7qgs0GZc_yk46K2OQ,https://www.youtube.com/channel/UC1oXUA7qgs0GZc_yk46K2OQ
UCO60vEm-6WAAtGckVqCi6Vg,Firecrawl,1,https://www.youtube.com/feeds/videos.xml?channel_id=UCO60vEm-6WAAtGckVqCi6Vg,https://www.youtube.com/channel/UCO60vEm-6WAAtGckVqCi6Vg
UCDbZvuDA_tZ6XP5wKKFuemQ,Rainbow Plant Life,1,https://www.youtube.com/feeds/videos.xml?channel_id=UCDbZvuDA_tZ6XP5wKKFuemQ,https://www.youtube.com/channel/UCDbZvuDA_tZ6XP5wKKFuemQ
UC08Fah8EIryeOZRkjBRohcQ,Creator Magic,1,https://www.youtube.com/feeds/videos.xml?channel_id=UC08Fah8EIryeOZRkjBRohcQ,https://www.youtube.com/channel/UC08Fah8EIryeOZRkjBRohcQ
UCcuaQecz84wTuxKzr1Yxi4Q,Parker Rex,1,https://www.youtube.com/feeds/videos.xml?channel_id=UCcuaQecz84wTuxKzr1Yxi4Q,https://www.youtube.com/channel/UCcuaQecz84wTuxKzr1Yxi4Q
UCtvGCaEzQZX7GwUJi-E3ALQ,jobstr,1,https://www.youtube.com/feeds/videos.xml?channel_id=UCtvGCaEzQZX7GwUJi-E3ALQ,https://www.youtube.com/channel/UCtvGCaEzQZX7GwUJi-E3ALQ
UCc98QQw1D-y38wg6mO3w4MQ,Dan Vega,1,https://www.youtube.com/feeds/videos.xml?channel_id=UCc98QQw1D-y38wg6mO3w4MQ,https://www.youtube.com/channel/UCc98QQw1D-y38wg6mO3w4MQ
UCpe4azYvizhOPP22aSYnxwQ,Matt Palmer,1,https://www.youtube.com/feeds/videos.xml?channel_id=UCpe4azYvizhOPP22aSYnxwQ,https://www.youtube.com/channel/UCpe4azYvizhOPP22aSYnxwQ
UCj3p_1jOCJXB_L_we-DjLbA,Physionic,1,https://www.youtube.com/feeds/videos.xml?channel_id=UCj3p_1jOCJXB_L_we-DjLbA,https://www.youtube.com/channel/UCj3p_1jOCJXB_L_we-DjLbA
UCJ_twZENBaL3L6AmIGYHVrw,Toni Dev,1,https://www.youtube.com/feeds/videos.xml?channel_id=UCJ_twZENBaL3L6AmIGYHVrw,https://www.youtube.com/channel/UCJ_twZENBaL3L6AmIGYHVrw
UCAl9Ld79qaZxp9JzEOwd3aA,Bankless,1,https://www.youtube.com/feeds/videos.xml?channel_id=UCAl9Ld79qaZxp9JzEOwd3aA,https://www.youtube.com/channel/UCAl9Ld79qaZxp9JzEOwd3aA
UCw3fku0sH3qA3c3pZeJwdAw,Daily Mail World,1,https://www.youtube.com/feeds/videos.xml?channel_id=UCw3fku0sH3qA3c3pZeJwdAw,https://www.youtube.com/channel/UCw3fku0sH3qA3c3pZeJwdAw
UCYjJeNVpgjAz-Sv4dhs13VQ,acooknamedMatt,1,https://www.youtube.com/feeds/videos.xml?channel_id=UCYjJeNVpgjAz-Sv4dhs13VQ,https://www.youtube.com/channel/UCYjJeNVpgjAz-Sv4dhs13VQ
UCjrE1Mdf8JKg6iu3_CvmtgA,Healthy Immune Doc,1,https://www.youtube.com/feeds/videos.xml?channel_id=UCjrE1Mdf8JKg6iu3_CvmtgA,https://www.youtube.com/channel/UCjrE1Mdf8JKg6iu3_CvmtgA
UCEuoGOJFuXUZZhprSAAK85Q,Composio,1,https://www.youtube.com/feeds/videos.xml?channel_id=UCEuoGOJFuXUZZhprSAAK85Q,https://www.youtube.com/channel/UCEuoGOJFuXUZZhprSAAK85Q
UC4w1YQAJMWOz4qtxinq55LQ,Level1Techs,1,https://www.youtube.com/feeds/videos.xml?channel_id=UC4w1YQAJMWOz4qtxinq55LQ,https://www.youtube.com/channel/UC4w1YQAJMWOz4qtxinq55LQ
UConVfxXodg78Tzh5nNu85Ew,Welch Labs,1,https://www.youtube.com/feeds/videos.xml?channel_id=UConVfxXodg78Tzh5nNu85Ew,https://www.youtube.com/channel/UConVfxXodg78Tzh5nNu85Ew
UCilMYYyoot7vhLn4Tinzmmg,Mo Gawdat,1,https://www.youtube.com/feeds/videos.xml?channel_id=UCilMYYyoot7vhLn4Tinzmmg,https://www.youtube.com/channel/UCilMYYyoot7vhLn4Tinzmmg
UCbd-KDLSBfuPMGxn1oXxZVg,Doug Campbell,1,https://www.youtube.com/feeds/videos.xml?channel_id=UCbd-KDLSBfuPMGxn1oXxZVg,https://www.youtube.com/channel/UCbd-KDLSBfuPMGxn1oXxZVg
UCsVgseBnKuyIGaH54XVoK3Q,Rob Shocks,1,https://www.youtube.com/feeds/videos.xml?channel_id=UCsVgseBnKuyIGaH54XVoK3Q,https://www.youtube.com/channel/UCsVgseBnKuyIGaH54XVoK3Q
UCIr0vkvqiYN3DGs44U5eGsw,G‚Äé ‚Äé ‚Äé ‚Äé ‚Äé ‚Äé ‚Äé ‚Äé ‚Äé ,1,https://www.youtube.com/feeds/videos.xml?channel_id=UCIr0vkvqiYN3DGs44U5eGsw,https://www.youtube.com/channel/UCIr0vkvqiYN3DGs44U5eGsw
UCwyN-gKhx3dahEWpSnzwHfg,Theo in Tech,1,https://www.youtube.com/feeds/videos.xml?channel_id=UCwyN-gKhx3dahEWpSnzwHfg,https://www.youtube.com/channel/UCwyN-gKhx3dahEWpSnzwHfg
UC_aPdSc59nRAeFbK3AFunVg,Aiify,1,https://www.youtube.com/feeds/videos.xml?channel_id=UC_aPdSc59nRAeFbK3AFunVg,https://www.youtube.com/channel/UC_aPdSc59nRAeFbK3AFunVg
UCRU9gfeM85WxFqxJFrDsCFQ,Cole Caccamise,1,https://www.youtube.com/feeds/videos.xml?channel_id=UCRU9gfeM85WxFqxJFrDsCFQ,https://www.youtube.com/channel/UCRU9gfeM85WxFqxJFrDsCFQ
UCruC3Lkt_-StdHlPiyWbPSg,Trelis Research,1,https://www.youtube.com/feeds/videos.xml?channel_id=UCruC3Lkt_-StdHlPiyWbPSg,https://www.youtube.com/channel/UCruC3Lkt_-StdHlPiyWbPSg
UCrxAhy0g_dkSftmUrWI51hA,Doug's Coding Corner,1,https://www.youtube.com/feeds/videos.xml?channel_id=UCrxAhy0g_dkSftmUrWI51hA,https://www.youtube.com/channel/UCrxAhy0g_dkSftmUrWI51hA
UCoxa63aolYceclQs3hwLwGg,Clean Master,1,https://www.youtube.com/feeds/videos.xml?channel_id=UCoxa63aolYceclQs3hwLwGg,https://www.youtube.com/channel/UCoxa63aolYceclQs3hwLwGg
UCgoJjdR6-7AMu9fDitb6nVw,Replit,1,https://www.youtube.com/feeds/videos.xml?channel_id=UCgoJjdR6-7AMu9fDitb6nVw,https://www.youtube.com/channel/UCgoJjdR6-7AMu9fDitb6nVw
UCXUPKJO5MZQN11PqgIvyuvQ,Andrej Karpathy,1,https://www.youtube.com/feeds/videos.xml?channel_id=UCXUPKJO5MZQN11PqgIvyuvQ,https://www.youtube.com/channel/UCXUPKJO5MZQN11PqgIvyuvQ
UCLGY6_j7kZfA1dmmjR1J_7w,The Morpheus Tutorials,1,https://www.youtube.com/feeds/videos.xml?channel_id=UCLGY6_j7kZfA1dmmjR1J_7w,https://www.youtube.com/channel/UCLGY6_j7kZfA1dmmjR1J_7w
UCagO3YGMBqDjrWBhw7wKuGA,Keith Edwards,1,https://www.youtube.com/feeds/videos.xml?channel_id=UCagO3YGMBqDjrWBhw7wKuGA,https://www.youtube.com/channel/UCagO3YGMBqDjrWBhw7wKuGA
UCKONdcQCTP3aozARj1ntKhw,Warp,1,https://www.youtube.com/feeds/videos.xml?channel_id=UCKONdcQCTP3aozARj1ntKhw,https://www.youtube.com/channel/UCKONdcQCTP3aozARj1ntKhw
UCvQECJukTDE2i6aCoMnS-Vg,Big Think,1,https://www.youtube.com/feeds/videos.xml?channel_id=UCvQECJukTDE2i6aCoMnS-Vg,https://www.youtube.com/channel/UCvQECJukTDE2i6aCoMnS-Vg
UCzH5n3Ih5kgQoiDAQt2FwLw,LifebyMikeG,1,https://www.youtube.com/feeds/videos.xml?channel_id=UCzH5n3Ih5kgQoiDAQt2FwLw,https://www.youtube.com/channel/UCzH5n3Ih5kgQoiDAQt2FwLw
UCCKXnAHTnRLmyE_h6qUiqRA,Glenn Raya,1,https://www.youtube.com/feeds/videos.xml?channel_id=UCCKXnAHTnRLmyE_h6qUiqRA,https://www.youtube.com/channel/UCCKXnAHTnRLmyE_h6qUiqRA
UCu4e1JfAO1nZ7vIiwTUqFOQ,Nicolas Le√£o,1,https://www.youtube.com/feeds/videos.xml?channel_id=UCu4e1JfAO1nZ7vIiwTUqFOQ,https://www.youtube.com/channel/UCu4e1JfAO1nZ7vIiwTUqFOQ
UCzCsyvyrq38R6TnztEzOmgg,ByteMonk,1,https://www.youtube.com/feeds/videos.xml?channel_id=UCzCsyvyrq38R6TnztEzOmgg,https://www.youtube.com/channel/UCzCsyvyrq38R6TnztEzOmgg
UCf8uu3IE42b6hRUusufEH8g,Akamai Developer,1,https://www.youtube.com/feeds/videos.xml?channel_id=UCf8uu3IE42b6hRUusufEH8g,https://www.youtube.com/channel/UCf8uu3IE42b6hRUusufEH8g
UCsrVDPJBYeXItETFHG0qzyw,Web Dev Cody,1,https://www.youtube.com/feeds/videos.xml?channel_id=UCsrVDPJBYeXItETFHG0qzyw,https://www.youtube.com/channel/UCsrVDPJBYeXItETFHG0qzyw
UCg-_lYeV8hBnDSay7nmphUA,Sampson Boat Co,1,https://www.youtube.com/feeds/videos.xml?channel_id=UCg-_lYeV8hBnDSay7nmphUA,https://www.youtube.com/channel/UCg-_lYeV8hBnDSay7nmphUA
UCWb40FwBq3m8JBljAcwu7EA,How To Do Stuff,1,https://www.youtube.com/feeds/videos.xml?channel_id=UCWb40FwBq3m8JBljAcwu7EA,https://www.youtube.com/channel/UCWb40FwBq3m8JBljAcwu7EA
UCfPQkvtb1HQD1_cBfaB3RAQ,Chantel Reads All Day,1,https://www.youtube.com/feeds/videos.xml?channel_id=UCfPQkvtb1HQD1_cBfaB3RAQ,https://www.youtube.com/channel/UCfPQkvtb1HQD1_cBfaB3RAQ
UCKWaEZ-_VweaEx1j62do_vQ,IBM Technology,1,https://www.youtube.com/feeds/videos.xml?channel_id=UCKWaEZ-_VweaEx1j62do_vQ,https://www.youtube.com/channel/UCKWaEZ-_VweaEx1j62do_vQ
UCVls1GmFKf6WlTraIb_IaJg,DistroTube,1,https://www.youtube.com/feeds/videos.xml?channel_id=UCVls1GmFKf6WlTraIb_IaJg,https://www.youtube.com/channel/UCVls1GmFKf6WlTraIb_IaJg
UCajiMK_CY9icRhLepS8_3ug,Alex Ziskind,1,https://www.youtube.com/feeds/videos.xml?channel_id=UCajiMK_CY9icRhLepS8_3ug,https://www.youtube.com/channel/UCajiMK_CY9icRhLepS8_3ug
UCjqDDqUh1DgjrlNjLR5p8nw,AI Papers Academy,1,https://www.youtube.com/feeds/videos.xml?channel_id=UCjqDDqUh1DgjrlNjLR5p8nw,https://www.youtube.com/channel/UCjqDDqUh1DgjrlNjLR5p8nw
UCqNkn5PNeSqbQTAR5RP-L-Q,Andy Cooks,1,https://www.youtube.com/feeds/videos.xml?channel_id=UCqNkn5PNeSqbQTAR5RP-L-Q,https://www.youtube.com/channel/UCqNkn5PNeSqbQTAR5RP-L-Q
UCNU_lfiiWBdtULKOw6X0Dig,Krish Naik,1,https://www.youtube.com/feeds/videos.xml?channel_id=UCNU_lfiiWBdtULKOw6X0Dig,https://www.youtube.com/channel/UCNU_lfiiWBdtULKOw6X0Dig
UClnEMtKghVQWqw1tOX2NeMQ,Kyiv Post,1,https://www.youtube.com/feeds/videos.xml?channel_id=UClnEMtKghVQWqw1tOX2NeMQ,https://www.youtube.com/channel/UClnEMtKghVQWqw1tOX2NeMQ
UCiamy6DLsjIeCgfz8TLXg9Q,Violin MD,1,https://www.youtube.com/feeds/videos.xml?channel_id=UCiamy6DLsjIeCgfz8TLXg9Q,https://www.youtube.com/channel/UCiamy6DLsjIeCgfz8TLXg9Q
UCUvkPEm38w6pq8w5QYgtPPw,CyberFlow,1,https://www.youtube.com/feeds/videos.xml?channel_id=UCUvkPEm38w6pq8w5QYgtPPw,https://www.youtube.com/channel/UCUvkPEm38w6pq8w5QYgtPPw
UC6ftm8PwH1RU_LM1jwG0LQA,Qdrant Vector Search,1,https://www.youtube.com/feeds/videos.xml?channel_id=UC6ftm8PwH1RU_LM1jwG0LQA,https://www.youtube.com/channel/UC6ftm8PwH1RU_LM1jwG0LQA
UCIAy0-SWMNxLjOmBCYSNBzg,Pilots of AI,1,https://www.youtube.com/feeds/videos.xml?channel_id=UCIAy0-SWMNxLjOmBCYSNBzg,https://www.youtube.com/channel/UCIAy0-SWMNxLjOmBCYSNBzg
UCE3Ay7LrWbJAOybaPvFkhmA,Michael Breitung,1,https://www.youtube.com/feeds/videos.xml?channel_id=UCE3Ay7LrWbJAOybaPvFkhmA,https://www.youtube.com/channel/UCE3Ay7LrWbJAOybaPvFkhmA
UCn2bInQrjdDYKEEmbpwblLQ,Langflow,1,https://www.youtube.com/feeds/videos.xml?channel_id=UCn2bInQrjdDYKEEmbpwblLQ,https://www.youtube.com/channel/UCn2bInQrjdDYKEEmbpwblLQ
UCesrGc4OC4E6iSG6E5ivVcw,Purrallel Universe,1,https://www.youtube.com/feeds/videos.xml?channel_id=UCesrGc4OC4E6iSG6E5ivVcw,https://www.youtube.com/channel/UCesrGc4OC4E6iSG6E5ivVcw
UCx-3sLMjglW_ydEwkvR1xbg,Mike the Credit Guy ,1,https://www.youtube.com/feeds/videos.xml?channel_id=UCx-3sLMjglW_ydEwkvR1xbg,https://www.youtube.com/channel/UCx-3sLMjglW_ydEwkvR1xbg
UCA_gs2-Nzh8asC5DQFvREPQ,Kevin Leneway,1,https://www.youtube.com/feeds/videos.xml?channel_id=UCA_gs2-Nzh8asC5DQFvREPQ,https://www.youtube.com/channel/UCA_gs2-Nzh8asC5DQFvREPQ
UCbX3YkedQunLt7EQAdVxh7w,Home Assistant,1,https://www.youtube.com/feeds/videos.xml?channel_id=UCbX3YkedQunLt7EQAdVxh7w,https://www.youtube.com/channel/UCbX3YkedQunLt7EQAdVxh7w
UCUBj_5pwQZaoXfBrEQQbADw,Chase Hughes,1,https://www.youtube.com/feeds/videos.xml?channel_id=UCUBj_5pwQZaoXfBrEQQbADw,https://www.youtube.com/channel/UCUBj_5pwQZaoXfBrEQQbADw
UCI0vQvr9aFn27yR6Ej6n5UA,Real Python,1,https://www.youtube.com/feeds/videos.xml?channel_id=UCI0vQvr9aFn27yR6Ej6n5UA,https://www.youtube.com/channel/UCI0vQvr9aFn27yR6Ej6n5UA
UC78Ib99EBhMN3NemVjYm3Ig,Grant Sanderson,1,https://www.youtube.com/feeds/videos.xml?channel_id=UC78Ib99EBhMN3NemVjYm3Ig,https://www.youtube.com/channel/UC78Ib99EBhMN3NemVjYm3Ig
UCfJT_eYDTmDE-ovKaxVE1ig,Kevin Stratvert,1,https://www.youtube.com/feeds/videos.xml?channel_id=UCfJT_eYDTmDE-ovKaxVE1ig,https://www.youtube.com/channel/UCfJT_eYDTmDE-ovKaxVE1ig
UCFqXmQ56-Gp1rIKa-GoAJvQ,Andy Stapleton,1,https://www.youtube.com/feeds/videos.xml?channel_id=UCFqXmQ56-Gp1rIKa-GoAJvQ,https://www.youtube.com/channel/UCFqXmQ56-Gp1rIKa-GoAJvQ
UC05XpvbHZUQOfA6xk4dlmcw,DJ Ware,1,https://www.youtube.com/feeds/videos.xml?channel_id=UC05XpvbHZUQOfA6xk4dlmcw,https://www.youtube.com/channel/UC05XpvbHZUQOfA6xk4dlmcw
UCxQbYGpbdrh-b2ND-AfIybg,Maker's Muse,1,https://www.youtube.com/feeds/videos.xml?channel_id=UCxQbYGpbdrh-b2ND-AfIybg,https://www.youtube.com/channel/UCxQbYGpbdrh-b2ND-AfIybg
UCKe0IIt9rF9fd--xw5j1MkQ,Meg Faibisch Kuhn,1,https://www.youtube.com/feeds/videos.xml?channel_id=UCKe0IIt9rF9fd--xw5j1MkQ,https://www.youtube.com/channel/UCKe0IIt9rF9fd--xw5j1MkQ
UCEzrs7gK6Nf6t_tadEprzxQ,aiwithbrandon,1,https://www.youtube.com/feeds/videos.xml?channel_id=UCEzrs7gK6Nf6t_tadEprzxQ,https://www.youtube.com/channel/UCEzrs7gK6Nf6t_tadEprzxQ
UCj4b_YT4QnFy6nx3dRCuc1w,Python Coding (CLCODING),1,https://www.youtube.com/feeds/videos.xml?channel_id=UCj4b_YT4QnFy6nx3dRCuc1w,https://www.youtube.com/channel/UCj4b_YT4QnFy6nx3dRCuc1w
UCKe7TlwyDiH2RM7jhI5vnXw,Skolo Online,1,https://www.youtube.com/feeds/videos.xml?channel_id=UCKe7TlwyDiH2RM7jhI5vnXw,https://www.youtube.com/channel/UCKe7TlwyDiH2RM7jhI5vnXw
UC3fICY_FqiUnnjgQZyN1AjQ,Neuro Symbolic,1,https://www.youtube.com/feeds/videos.xml?channel_id=UC3fICY_FqiUnnjgQZyN1AjQ,https://www.youtube.com/channel/UC3fICY_FqiUnnjgQZyN1AjQ
UCs-hXDMwqs1Ri9Yh9QRgaqQ,NetWork From Home,1,https://www.youtube.com/feeds/videos.xml?channel_id=UCs-hXDMwqs1Ri9Yh9QRgaqQ,https://www.youtube.com/channel/UCs-hXDMwqs1Ri9Yh9QRgaqQ
UC_TneqvSfh-KsIyZMlJjVsQ,Kanal13,1,https://www.youtube.com/feeds/videos.xml?channel_id=UC_TneqvSfh-KsIyZMlJjVsQ,https://www.youtube.com/channel/UC_TneqvSfh-KsIyZMlJjVsQ
UCvV2LZZGhxzTK2pSumTArEg,Select10,1,https://www.youtube.com/feeds/videos.xml?channel_id=UCvV2LZZGhxzTK2pSumTArEg,https://www.youtube.com/channel/UCvV2LZZGhxzTK2pSumTArEg
UCPEmk9eb21N_LGwZaoqRPHA,AI Learning Communities,1,https://www.youtube.com/feeds/videos.xml?channel_id=UCPEmk9eb21N_LGwZaoqRPHA,https://www.youtube.com/channel/UCPEmk9eb21N_LGwZaoqRPHA
UCWQaM7SpSECp9FELz-cHzuQ,Dreams of Code,1,https://www.youtube.com/feeds/videos.xml?channel_id=UCWQaM7SpSECp9FELz-cHzuQ,https://www.youtube.com/channel/UCWQaM7SpSECp9FELz-cHzuQ
UCJcVFhNVcdYpG8VOms68wtg,Mir Global Academy,1,https://www.youtube.com/feeds/videos.xml?channel_id=UCJcVFhNVcdYpG8VOms68wtg,https://www.youtube.com/channel/UCJcVFhNVcdYpG8VOms68wtg
UCK2-KwTwamfWK_LjfxGEe8Q,Off Duty Canvas,1,https://www.youtube.com/feeds/videos.xml?channel_id=UCK2-KwTwamfWK_LjfxGEe8Q,https://www.youtube.com/channel/UCK2-KwTwamfWK_LjfxGEe8Q
UCkCehM7kj5tZLrrUN5T7T6w,Pat Ruff,1,https://www.youtube.com/feeds/videos.xml?channel_id=UCkCehM7kj5tZLrrUN5T7T6w,https://www.youtube.com/channel/UCkCehM7kj5tZLrrUN5T7T6w
UCAM8mXlq6gw0QXHR30CkKbg,Kevin Badi | AI Operating Systems ,1,https://www.youtube.com/feeds/videos.xml?channel_id=UCAM8mXlq6gw0QXHR30CkKbg,https://www.youtube.com/channel/UCAM8mXlq6gw0QXHR30CkKbg
UCfWNZIJkm268rLO_yeRlcww,Business Basics,1,https://www.youtube.com/feeds/videos.xml?channel_id=UCfWNZIJkm268rLO_yeRlcww,https://www.youtube.com/channel/UCfWNZIJkm268rLO_yeRlcww
UCVkTLOkJ9VLfT0K6PZ0Wthg,Py Man,1,https://www.youtube.com/feeds/videos.xml?channel_id=UCVkTLOkJ9VLfT0K6PZ0Wthg,https://www.youtube.com/channel/UCVkTLOkJ9VLfT0K6PZ0Wthg
UC0rjDnTTPaYJoJmO-NGKKWA,techronin,1,https://www.youtube.com/feeds/videos.xml?channel_id=UC0rjDnTTPaYJoJmO-NGKKWA,https://www.youtube.com/channel/UC0rjDnTTPaYJoJmO-NGKKWA
UCA-ORpF9LEgECmkP3nvVLXQ,Matt Layman,1,https://www.youtube.com/feeds/videos.xml?channel_id=UCA-ORpF9LEgECmkP3nvVLXQ,https://www.youtube.com/channel/UCA-ORpF9LEgECmkP3nvVLXQ
UCG6qpjVnBTTT8wLGBygANOQ,MLOps.community,1,https://www.youtube.com/feeds/videos.xml?channel_id=UCG6qpjVnBTTT8wLGBygANOQ,https://www.youtube.com/channel/UCG6qpjVnBTTT8wLGBygANOQ
UCdZV4jz0TFVHJDtZaH3K4tw,Unscripted Coding,1,https://www.youtube.com/feeds/videos.xml?channel_id=UCdZV4jz0TFVHJDtZaH3K4tw,https://www.youtube.com/channel/UCdZV4jz0TFVHJDtZaH3K4tw
UCjjhwmUo6aBpCRExIGWCxhA,Code with Richardson Dackam,1,https://www.youtube.com/feeds/videos.xml?channel_id=UCjjhwmUo6aBpCRExIGWCxhA,https://www.youtube.com/channel/UCjjhwmUo6aBpCRExIGWCxhA
UCDNfdoa_IoS1QTldXJJ9fnQ,Half-Ass Movie Podcast,1,https://www.youtube.com/feeds/videos.xml?channel_id=UCDNfdoa_IoS1QTldXJJ9fnQ,https://www.youtube.com/channel/UCDNfdoa_IoS1QTldXJJ9fnQ
UCBsT-SA6H9JXth2mb7_mfeg,Corey Blake,1,https://www.youtube.com/feeds/videos.xml?channel_id=UCBsT-SA6H9JXth2mb7_mfeg,https://www.youtube.com/channel/UCBsT-SA6H9JXth2mb7_mfeg
UCuK2Mf5As9OKfWU7XV6yzCg,The Next Wave - AI and the Future of Technology,1,https://www.youtube.com/feeds/videos.xml?channel_id=UCuK2Mf5As9OKfWU7XV6yzCg,https://www.youtube.com/channel/UCuK2Mf5As9OKfWU7XV6yzCg
UC-DN_3LKlMTrouRNa9X0siQ,Dev G,1,https://www.youtube.com/feeds/videos.xml?channel_id=UC-DN_3LKlMTrouRNa9X0siQ,https://www.youtube.com/channel/UC-DN_3LKlMTrouRNa9X0siQ
UC0NErq0RhP51iXx64ZmyVfg,Bret Fisher,1,https://www.youtube.com/feeds/videos.xml?channel_id=UC0NErq0RhP51iXx64ZmyVfg,https://www.youtube.com/channel/UC0NErq0RhP51iXx64ZmyVfg
UCP_lo1MFyx5IXDeD9s_6nUw,Meta Developers,1,https://www.youtube.com/feeds/videos.xml?channel_id=UCP_lo1MFyx5IXDeD9s_6nUw,https://www.youtube.com/channel/UCP_lo1MFyx5IXDeD9s_6nUw
UCsHbJuyHI7eKje1AH_joWyQ,Yankee Maharjan,1,https://www.youtube.com/feeds/videos.xml?channel_id=UCsHbJuyHI7eKje1AH_joWyQ,https://www.youtube.com/channel/UCsHbJuyHI7eKje1AH_joWyQ
UCBEkTaFA7DAcgjZZcVjfBLw,Michael - Coding Tutor,1,https://www.youtube.com/feeds/videos.xml?channel_id=UCBEkTaFA7DAcgjZZcVjfBLw,https://www.youtube.com/channel/UCBEkTaFA7DAcgjZZcVjfBLw
UCuudpdbKmQWq2PPzYgVCWlA,Indently,1,https://www.youtube.com/feeds/videos.xml?channel_id=UCuudpdbKmQWq2PPzYgVCWlA,https://www.youtube.com/channel/UCuudpdbKmQWq2PPzYgVCWlA
UC8URMa1fI4rlaLc-Lhev2fQ,Ryan McBeth,1,https://www.youtube.com/feeds/videos.xml?channel_id=UC8URMa1fI4rlaLc-Lhev2fQ,https://www.youtube.com/channel/UC8URMa1fI4rlaLc-Lhev2fQ
UCMiJRAwDNSNzuYeN2uWa0pA,Mrwhosetheboss,1,https://www.youtube.com/feeds/videos.xml?channel_id=UCMiJRAwDNSNzuYeN2uWa0pA,https://www.youtube.com/channel/UCMiJRAwDNSNzuYeN2uWa0pA
UCpjlh0e319ksmoOD7bQFSiw,Rich Roll,1,https://www.youtube.com/feeds/videos.xml?channel_id=UCpjlh0e319ksmoOD7bQFSiw,https://www.youtube.com/channel/UCpjlh0e319ksmoOD7bQFSiw
UCTvYEid8tmg0jqGPDkehc_Q,Preppy Kitchen,1,https://www.youtube.com/feeds/videos.xml?channel_id=UCTvYEid8tmg0jqGPDkehc_Q,https://www.youtube.com/channel/UCTvYEid8tmg0jqGPDkehc_Q
UCqN4Z5KT_WnYgS4c19oXSvw,Ben Goshawk,1,https://www.youtube.com/feeds/videos.xml?channel_id=UCqN4Z5KT_WnYgS4c19oXSvw,https://www.youtube.com/channel/UCqN4Z5KT_WnYgS4c19oXSvw
UCy287hC44mRWpFLj4hK8gKA,China Update,1,https://www.youtube.com/feeds/videos.xml?channel_id=UCy287hC44mRWpFLj4hK8gKA,https://www.youtube.com/channel/UCy287hC44mRWpFLj4hK8gKA
UC0Wu-J4_SoFOYVKA8JRuRRg,What The Func? w/ Ed Zynda,1,https://www.youtube.com/feeds/videos.xml?channel_id=UC0Wu-J4_SoFOYVKA8JRuRRg,https://www.youtube.com/channel/UC0Wu-J4_SoFOYVKA8JRuRRg
UCJDIGW0ywWw9Kh9_vtwqxXA,William Spaniel,1,https://www.youtube.com/feeds/videos.xml?channel_id=UCJDIGW0ywWw9Kh9_vtwqxXA,https://www.youtube.com/channel/UCJDIGW0ywWw9Kh9_vtwqxXA
UCP7jMXSY2xbc3KCAE0MHQ-A,Google DeepMind,1,https://www.youtube.com/feeds/videos.xml?channel_id=UCP7jMXSY2xbc3KCAE0MHQ-A,https://www.youtube.com/channel/UCP7jMXSY2xbc3KCAE0MHQ-A
UCpM_g95uzZ_OyhgukvrbbiQ,Helena Liu,1,https://www.youtube.com/feeds/videos.xml?channel_id=UCpM_g95uzZ_OyhgukvrbbiQ,https://www.youtube.com/channel/UCpM_g95uzZ_OyhgukvrbbiQ
UCVGVbOl6F5rGF4wSYS6Y5yQ,MIgardener,1,https://www.youtube.com/feeds/videos.xml?channel_id=UCVGVbOl6F5rGF4wSYS6Y5yQ,https://www.youtube.com/channel/UCVGVbOl6F5rGF4wSYS6Y5yQ
UCD75P6Wl2tbmCpFba81bQaA,Adam Skjervold,1,https://www.youtube.com/feeds/videos.xml?channel_id=UCD75P6Wl2tbmCpFba81bQaA,https://www.youtube.com/channel/UCD75P6Wl2tbmCpFba81bQaA
UCUcg6az6etU_gRtZVAhBXaw,Google Workspace Developers,1,https://www.youtube.com/feeds/videos.xml?channel_id=UCUcg6az6etU_gRtZVAhBXaw,https://www.youtube.com/channel/UCUcg6az6etU_gRtZVAhBXaw
UC2H-_WWy_5z2C6C3Vgnk1Qw,SullyOmar,1,https://www.youtube.com/feeds/videos.xml?channel_id=UC2H-_WWy_5z2C6C3Vgnk1Qw,https://www.youtube.com/channel/UC2H-_WWy_5z2C6C3Vgnk1Qw
UC27C_HWo-UmKkdWGsRJZ8EA,Pailin's Kitchen,1,https://www.youtube.com/feeds/videos.xml?channel_id=UC27C_HWo-UmKkdWGsRJZ8EA,https://www.youtube.com/channel/UC27C_HWo-UmKkdWGsRJZ8EA
UCL44k-cLrlsdr7PYuMU4yIw,That Chapter,1,https://www.youtube.com/feeds/videos.xml?channel_id=UCL44k-cLrlsdr7PYuMU4yIw,https://www.youtube.com/channel/UCL44k-cLrlsdr7PYuMU4yIw
UCDVt6xCSRx3dqr_SGgc1hng,Instantly,1,https://www.youtube.com/feeds/videos.xml?channel_id=UCDVt6xCSRx3dqr_SGgc1hng,https://www.youtube.com/channel/UCDVt6xCSRx3dqr_SGgc1hng
UC9r9HYFxEQOBXSopFS61ZWg,MeidasTouch,1,https://www.youtube.com/feeds/videos.xml?channel_id=UC9r9HYFxEQOBXSopFS61ZWg,https://www.youtube.com/channel/UC9r9HYFxEQOBXSopFS61ZWg
UCazRf1jcMNZEL1MS5i_rWQQ,Midwest Safety,1,https://www.youtube.com/feeds/videos.xml?channel_id=UCazRf1jcMNZEL1MS5i_rWQQ,https://www.youtube.com/channel/UCazRf1jcMNZEL1MS5i_rWQQ
UC88FeYcHJzqKsRJJxN8kAIA,feedthepudge,1,https://www.youtube.com/feeds/videos.xml?channel_id=UC88FeYcHJzqKsRJJxN8kAIA,https://www.youtube.com/channel/UC88FeYcHJzqKsRJJxN8kAIA
UC8xQy0wlMBLTvvAcvehz0Kg,Tony the Antonio,1,https://www.youtube.com/feeds/videos.xml?channel_id=UC8xQy0wlMBLTvvAcvehz0Kg,https://www.youtube.com/channel/UC8xQy0wlMBLTvvAcvehz0Kg
UC9yXyitkbU_WSy7bd_41SqQ,Kye Gomez,1,https://www.youtube.com/feeds/videos.xml?channel_id=UC9yXyitkbU_WSy7bd_41SqQ,https://www.youtube.com/channel/UC9yXyitkbU_WSy7bd_41SqQ
UC1EasxeXGzoXJb2y3HTMsLA,Yishai Fleisher,1,https://www.youtube.com/feeds/videos.xml?channel_id=UC1EasxeXGzoXJb2y3HTMsLA,https://www.youtube.com/channel/UC1EasxeXGzoXJb2y3HTMsLA
UCuz8u0tRDZEnC1TgddBTnvA,Stoched,1,https://www.youtube.com/feeds/videos.xml?channel_id=UCuz8u0tRDZEnC1TgddBTnvA,https://www.youtube.com/channel/UCuz8u0tRDZEnC1TgddBTnvA
UCTrSsPMmZavLbc3Ex7VhjDg,Brandon Herrera,1,https://www.youtube.com/feeds/videos.xml?channel_id=UCTrSsPMmZavLbc3Ex7VhjDg,https://www.youtube.com/channel/UCTrSsPMmZavLbc3Ex7VhjDg
UCKq-lHnyradGRmFClX_ACMw,Ryan & Matt Data Science,1,https://www.youtube.com/feeds/videos.xml?channel_id=UCKq-lHnyradGRmFClX_ACMw,https://www.youtube.com/channel/UCKq-lHnyradGRmFClX_ACMw
UCJWKjrrUh2KL1d3zXQW79cQ,EXPLORE WITH US,1,https://www.youtube.com/feeds/videos.xml?channel_id=UCJWKjrrUh2KL1d3zXQW79cQ,https://www.youtube.com/channel/UCJWKjrrUh2KL1d3zXQW79cQ
UCQgC5luoDkJYjnM0222uJIg,Alex Gear & Tech,1,https://www.youtube.com/feeds/videos.xml?channel_id=UCQgC5luoDkJYjnM0222uJIg,https://www.youtube.com/channel/UCQgC5luoDkJYjnM0222uJIg
UCQBmS_gC-i1ddMCcp9Wt_Qw,Econ Lessons,1,https://www.youtube.com/feeds/videos.xml?channel_id=UCQBmS_gC-i1ddMCcp9Wt_Qw,https://www.youtube.com/channel/UCQBmS_gC-i1ddMCcp9Wt_Qw
UC28n0tlcNSa1iPe5mettocg,voidzilla,1,https://www.youtube.com/feeds/videos.xml?channel_id=UC28n0tlcNSa1iPe5mettocg,https://www.youtube.com/channel/UC28n0tlcNSa1iPe5mettocg
UCL_DTHlvMUDGnBV0_B7NTyQ,AI FOR DEVS,1,https://www.youtube.com/feeds/videos.xml?channel_id=UCL_DTHlvMUDGnBV0_B7NTyQ,https://www.youtube.com/channel/UCL_DTHlvMUDGnBV0_B7NTyQ
UCGMJJ9UaqiDfkr_9sa33hdg,Bit N Pi,1,https://www.youtube.com/feeds/videos.xml?channel_id=UCGMJJ9UaqiDfkr_9sa33hdg,https://www.youtube.com/channel/UCGMJJ9UaqiDfkr_9sa33hdg
UCCRKoQ6K4-bgTB_XArcl2Dg,Nadia - AI Insiders,1,https://www.youtube.com/feeds/videos.xml?channel_id=UCCRKoQ6K4-bgTB_XArcl2Dg,https://www.youtube.com/channel/UCCRKoQ6K4-bgTB_XArcl2Dg
UCM-eRxEc_TutiPIbOS1YYbw,The Enforcer,1,https://www.youtube.com/feeds/videos.xml?channel_id=UCM-eRxEc_TutiPIbOS1YYbw,https://www.youtube.com/channel/UCM-eRxEc_TutiPIbOS1YYbw
UCUl-s_Vp-Kkk_XVyDylNwLA,Unsupervised Learning: Redpoint's AI Podcast,1,https://www.youtube.com/feeds/videos.xml?channel_id=UCUl-s_Vp-Kkk_XVyDylNwLA,https://www.youtube.com/channel/UCUl-s_Vp-Kkk_XVyDylNwLA
UCRyBAwyO6dX2kECLFdSzcLw,JankoWTF,1,https://www.youtube.com/feeds/videos.xml?channel_id=UCRyBAwyO6dX2kECLFdSzcLw,https://www.youtube.com/channel/UCRyBAwyO6dX2kECLFdSzcLw
UCtZNqEGzfQ6jO4SXWz51bRw,New York Times Events,1,https://www.youtube.com/feeds/videos.xml?channel_id=UCtZNqEGzfQ6jO4SXWz51bRw,https://www.youtube.com/channel/UCtZNqEGzfQ6jO4SXWz51bRw
UCJHK8REI-eDYKf1mLvI92-w,Limitless AI,1,https://www.youtube.com/feeds/videos.xml?channel_id=UCJHK8REI-eDYKf1mLvI92-w,https://www.youtube.com/channel/UCJHK8REI-eDYKf1mLvI92-w
UC3w193M5tYPJqF0Hi-7U-2g,Dr. Eric Berg DC,1,https://www.youtube.com/feeds/videos.xml?channel_id=UC3w193M5tYPJqF0Hi-7U-2g,https://www.youtube.com/channel/UC3w193M5tYPJqF0Hi-7U-2g
UC-RKpEc4eE9PwJaupN91xYQ,Sprouts,1,https://www.youtube.com/feeds/videos.xml?channel_id=UC-RKpEc4eE9PwJaupN91xYQ,https://www.youtube.com/channel/UC-RKpEc4eE9PwJaupN91xYQ
UCAZlsFFzPjkGamdPIse4olQ,Logan Kilpatrick,1,https://www.youtube.com/feeds/videos.xml?channel_id=UCAZlsFFzPjkGamdPIse4olQ,https://www.youtube.com/channel/UCAZlsFFzPjkGamdPIse4olQ
UCakdY-DuPRO9M0VVNmk9qgw,Fru Dev,1,https://www.youtube.com/feeds/videos.xml?channel_id=UCakdY-DuPRO9M0VVNmk9qgw,https://www.youtube.com/channel/UCakdY-DuPRO9M0VVNmk9qgw
UC8butISFwT-Wl7EV0hUK0BQ,freeCodeCamp.org,1,https://www.youtube.com/feeds/videos.xml?channel_id=UC8butISFwT-Wl7EV0hUK0BQ,https://www.youtube.com/channel/UC8butISFwT-Wl7EV0hUK0BQ
UC29ju8bIPH5as8OGnQzwJyA,Traversy Media,1,https://www.youtube.com/feeds/videos.xml?channel_id=UC29ju8bIPH5as8OGnQzwJyA,https://www.youtube.com/channel/UC29ju8bIPH5as8OGnQzwJyA
UCupGvsi8kOqBO6f3HOIUI5Q,Sanava,1,https://www.youtube.com/feeds/videos.xml?channel_id=UCupGvsi8kOqBO6f3HOIUI5Q,https://www.youtube.com/channel/UCupGvsi8kOqBO6f3HOIUI5Q
UCDwe1zllqq7kLoxBe2c4mPA,CTMU Radio,1,https://www.youtube.com/feeds/videos.xml?channel_id=UCDwe1zllqq7kLoxBe2c4mPA,https://www.youtube.com/channel/UCDwe1zllqq7kLoxBe2c4mPA
UCldfgbzNILYZA4dmDt4Cd6A,Secular Talk,1,https://www.youtube.com/feeds/videos.xml?channel_id=UCldfgbzNILYZA4dmDt4Cd6A,https://www.youtube.com/channel/UCldfgbzNILYZA4dmDt4Cd6A
UCTwwnM-YB8zWC0RWwhO5sGw,Ben Young AI,1,https://www.youtube.com/feeds/videos.xml?channel_id=UCTwwnM-YB8zWC0RWwhO5sGw,https://www.youtube.com/channel/UCTwwnM-YB8zWC0RWwhO5sGw
UCpaq31GdKM0sqDOiT30g0pg,Tinybird,1,https://www.youtube.com/feeds/videos.xml?channel_id=UCpaq31GdKM0sqDOiT30g0pg,https://www.youtube.com/channel/UCpaq31GdKM0sqDOiT30g0pg
UCzDlYCwWbpJ3RZDcRbkyx0w,mikegchambers,1,https://www.youtube.com/feeds/videos.xml?channel_id=UCzDlYCwWbpJ3RZDcRbkyx0w,https://www.youtube.com/channel/UCzDlYCwWbpJ3RZDcRbkyx0w
UCINkul2kgQYqt4GuD-352DQ,Derek Cheung | AI Agents Automation,1,https://www.youtube.com/feeds/videos.xml?channel_id=UCINkul2kgQYqt4GuD-352DQ,https://www.youtube.com/channel/UCINkul2kgQYqt4GuD-352DQ
UC7sg9FpMWMamzWE2lJPY-Dg,The Back Focus,1,https://www.youtube.com/feeds/videos.xml?channel_id=UC7sg9FpMWMamzWE2lJPY-Dg,https://www.youtube.com/channel/UC7sg9FpMWMamzWE2lJPY-Dg
UCHDvy-B0O0zFHaD36gF90TQ,Systems Thinking with David Shapiro,1,https://www.youtube.com/feeds/videos.xml?channel_id=UCHDvy-B0O0zFHaD36gF90TQ,https://www.youtube.com/channel/UCHDvy-B0O0zFHaD36gF90TQ
UCZjRcM1ukeciMZ7_fvzsezQ,Coding Is Fun,1,https://www.youtube.com/feeds/videos.xml?channel_id=UCZjRcM1ukeciMZ7_fvzsezQ,https://www.youtube.com/channel/UCZjRcM1ukeciMZ7_fvzsezQ
UCdBK94H6oZT2Q7l0-b0xmMg,ShortCircuit,1,https://www.youtube.com/feeds/videos.xml?channel_id=UCdBK94H6oZT2Q7l0-b0xmMg,https://www.youtube.com/channel/UCdBK94H6oZT2Q7l0-b0xmMg
UChit3QKk051fCsqliwVrbuQ,OFF GRID with DOUG & STACY,1,https://www.youtube.com/feeds/videos.xml?channel_id=UChit3QKk051fCsqliwVrbuQ,https://www.youtube.com/channel/UChit3QKk051fCsqliwVrbuQ
UC4_wTN-Jui5mQZGR_JBqg_A,Enfes Yemek Tarifleri,1,https://www.youtube.com/feeds/videos.xml?channel_id=UC4_wTN-Jui5mQZGR_JBqg_A,https://www.youtube.com/channel/UC4_wTN-Jui5mQZGR_JBqg_A
UCHvm5vA2Rey8ukVdpEXb-jg,Alex Volkov from ThursdAI,1,https://www.youtube.com/feeds/videos.xml?channel_id=UCHvm5vA2Rey8ukVdpEXb-jg,https://www.youtube.com/channel/UCHvm5vA2Rey8ukVdpEXb-jg
UC-nPM1_kSZf91ZGkcgy_95Q,How to ADHD,1,https://www.youtube.com/feeds/videos.xml?channel_id=UC-nPM1_kSZf91ZGkcgy_95Q,https://www.youtube.com/channel/UC-nPM1_kSZf91ZGkcgy_95Q
UCYEHmQ-b1iC02-LMeseQsvw,The Metaverse Guy,1,https://www.youtube.com/feeds/videos.xml?channel_id=UCYEHmQ-b1iC02-LMeseQsvw,https://www.youtube.com/channel/UCYEHmQ-b1iC02-LMeseQsvw
UCBa5G_ESCn8Yd4vw5U-gIcg,Stanford Online,1,https://www.youtube.com/feeds/videos.xml?channel_id=UCBa5G_ESCn8Yd4vw5U-gIcg,https://www.youtube.com/channel/UCBa5G_ESCn8Yd4vw5U-gIcg
UCv83tO5cePwHMt1952IVVHw,James Briggs,1,https://www.youtube.com/feeds/videos.xml?channel_id=UCv83tO5cePwHMt1952IVVHw,https://www.youtube.com/channel/UCv83tO5cePwHMt1952IVVHw
UCaRv3TNtku5NNRzxWB_XZNg,Matthew Rathbun,1,https://www.youtube.com/feeds/videos.xml?channel_id=UCaRv3TNtku5NNRzxWB_XZNg,https://www.youtube.com/channel/UCaRv3TNtku5NNRzxWB_XZNg
UCK2IvRB36OUwXwMRD1iDmvg,Nodus Labs,1,https://www.youtube.com/feeds/videos.xml?channel_id=UCK2IvRB36OUwXwMRD1iDmvg,https://www.youtube.com/channel/UCK2IvRB36OUwXwMRD1iDmvg
UCS2ZJXnzT2I3qI92naQRQ9A,Akinyemi Bajulaiye,1,https://www.youtube.com/feeds/videos.xml?channel_id=UCS2ZJXnzT2I3qI92naQRQ9A,https://www.youtube.com/channel/UCS2ZJXnzT2I3qI92naQRQ9A
UCmoEsq6a6ePXxgZeA4CVrUw,Ford Brewer MD MPH,1,https://www.youtube.com/feeds/videos.xml?channel_id=UCmoEsq6a6ePXxgZeA4CVrUw,https://www.youtube.com/channel/UCmoEsq6a6ePXxgZeA4CVrUw
UCs10x-muRrTQMJ4Ya-fmIlw,Snowflake Inc.,1,https://www.youtube.com/feeds/videos.xml?channel_id=UCs10x-muRrTQMJ4Ya-fmIlw,https://www.youtube.com/channel/UCs10x-muRrTQMJ4Ya-fmIlw
UCuS26YCwztJJebH9rqba1yg,Ryan Doser,1,https://www.youtube.com/feeds/videos.xml?channel_id=UCuS26YCwztJJebH9rqba1yg,https://www.youtube.com/channel/UCuS26YCwztJJebH9rqba1yg
UCDIHy3udOhhuqUyWR1IolLg,Camirra's Kitchen,1,https://www.youtube.com/feeds/videos.xml?channel_id=UCDIHy3udOhhuqUyWR1IolLg,https://www.youtube.com/channel/UCDIHy3udOhhuqUyWR1IolLg
UCML7DcvQrG9sUw5kGqAGtaA,Soundproof Guide,1,https://www.youtube.com/feeds/videos.xml?channel_id=UCML7DcvQrG9sUw5kGqAGtaA,https://www.youtube.com/channel/UCML7DcvQrG9sUw5kGqAGtaA
UCNJ1Ymd5yFuUPtn21xtRbbw,AI Explained,1,https://www.youtube.com/feeds/videos.xml?channel_id=UCNJ1Ymd5yFuUPtn21xtRbbw,https://www.youtube.com/channel/UCNJ1Ymd5yFuUPtn21xtRbbw
UC4ZxumoeyWyxk4oZq3EiiKA,Viacheslav Druzhynin,1,https://www.youtube.com/feeds/videos.xml?channel_id=UC4ZxumoeyWyxk4oZq3EiiKA,https://www.youtube.com/channel/UC4ZxumoeyWyxk4oZq3EiiKA
UCZf5IX90oe5gdPppMXGImwg,Dr Waku,1,https://www.youtube.com/feeds/videos.xml?channel_id=UCZf5IX90oe5gdPppMXGImwg,https://www.youtube.com/channel/UCZf5IX90oe5gdPppMXGImwg
UCq6XkhO5SZ66N04IcPbqNcw,Keith Galli,1,https://www.youtube.com/feeds/videos.xml?channel_id=UCq6XkhO5SZ66N04IcPbqNcw,https://www.youtube.com/channel/UCq6XkhO5SZ66N04IcPbqNcw
UCiaQzXI5528Il6r2NNkrkJA,Digital Spaceport,1,https://www.youtube.com/feeds/videos.xml?channel_id=UCiaQzXI5528Il6r2NNkrkJA,https://www.youtube.com/channel/UCiaQzXI5528Il6r2NNkrkJA
UCWD0OMrAWdSUan3Hh_q9QCA,Nico | AI Ranking,1,https://www.youtube.com/feeds/videos.xml?channel_id=UCWD0OMrAWdSUan3Hh_q9QCA,https://www.youtube.com/channel/UCWD0OMrAWdSUan3Hh_q9QCA
UCFBjrAIU1Jht3oTq2hOsV-w,Artificially Inspired,1,https://www.youtube.com/feeds/videos.xml?channel_id=UCFBjrAIU1Jht3oTq2hOsV-w,https://www.youtube.com/channel/UCFBjrAIU1Jht3oTq2hOsV-w
UCDsVC_ewpcEW_AQcO-H-RDQ,Jane Street,1,https://www.youtube.com/feeds/videos.xml?channel_id=UCDsVC_ewpcEW_AQcO-H-RDQ,https://www.youtube.com/channel/UCDsVC_ewpcEW_AQcO-H-RDQ
UCBnLhz50WZAvsF4S72xtESA,Dhru Purohit,1,https://www.youtube.com/feeds/videos.xml?channel_id=UCBnLhz50WZAvsF4S72xtESA,https://www.youtube.com/channel/UCBnLhz50WZAvsF4S72xtESA
